run_id,workload,router_policy,cache_model,ttft_slo_ms,requests_under_slo,goodput_under_slo,quality_adjusted_goodput,mean_quality
agent_session-cache_aware-activated_lora-seed11-1781443366762,agent_session,cache_aware,activated_lora,25.0,46,17.266894253230873,15.939049698254316,0.9230988193068884
agent_session-cache_aware-activated_lora-seed11-1781443366762,agent_session,cache_aware,activated_lora,50.0,47,17.64226151960546,16.28555077865115,0.9230988193068884
agent_session-cache_aware-activated_lora-seed11-1781443366762,agent_session,cache_aware,activated_lora,100.0,48,18.01762878598004,16.63205185904798,0.9230988193068884
agent_session-cache_aware-activated_lora-seed11-1781443366762,agent_session,cache_aware,activated_lora,150.0,48,18.01762878598004,16.63205185904798,0.9230988193068884
agent_session-cache_aware-activated_lora-seed11-1781443366762,agent_session,cache_aware,activated_lora,250.0,48,18.01762878598004,16.63205185904798,0.9230988193068884
agent_session-cache_aware-base_shared-seed11-1781443362296,agent_session,cache_aware,base_shared,25.0,46,17.266894253230873,15.939049698254316,0.9230988193068884
agent_session-cache_aware-base_shared-seed11-1781443362296,agent_session,cache_aware,base_shared,50.0,47,17.64226151960546,16.28555077865115,0.9230988193068884
agent_session-cache_aware-base_shared-seed11-1781443362296,agent_session,cache_aware,base_shared,100.0,48,18.01762878598004,16.63205185904798,0.9230988193068884
agent_session-cache_aware-base_shared-seed11-1781443362296,agent_session,cache_aware,base_shared,150.0,48,18.01762878598004,16.63205185904798,0.9230988193068884
agent_session-cache_aware-base_shared-seed11-1781443362296,agent_session,cache_aware,base_shared,250.0,48,18.01762878598004,16.63205185904798,0.9230988193068884
agent_session-cache_aware-copy_on_write-seed11-1781443371303,agent_session,cache_aware,copy_on_write,25.0,46,17.266894253230873,15.939049698254316,0.9230988193068884
agent_session-cache_aware-copy_on_write-seed11-1781443371303,agent_session,cache_aware,copy_on_write,50.0,47,17.64226151960546,16.28555077865115,0.9230988193068884
agent_session-cache_aware-copy_on_write-seed11-1781443371303,agent_session,cache_aware,copy_on_write,100.0,48,18.01762878598004,16.63205185904798,0.9230988193068884
agent_session-cache_aware-copy_on_write-seed11-1781443371303,agent_session,cache_aware,copy_on_write,150.0,48,18.01762878598004,16.63205185904798,0.9230988193068884
agent_session-cache_aware-copy_on_write-seed11-1781443371303,agent_session,cache_aware,copy_on_write,250.0,48,18.01762878598004,16.63205185904798,0.9230988193068884
agent_session-cache_aware-standard_lora-seed11-1781443358023,agent_session,cache_aware,standard_lora,25.0,46,17.520834239723204,10.763418553848824,0.6143211223039837
agent_session-cache_aware-standard_lora-seed11-1781443358023,agent_session,cache_aware,standard_lora,50.0,47,17.901721940586754,10.997405913715104,0.6143211223039837
agent_session-cache_aware-standard_lora-seed11-1781443358023,agent_session,cache_aware,standard_lora,100.0,48,18.2826096414503,11.231393273581382,0.6143211223039837
agent_session-cache_aware-standard_lora-seed11-1781443358023,agent_session,cache_aware,standard_lora,150.0,48,18.2826096414503,11.231393273581382,0.6143211223039837
agent_session-cache_aware-standard_lora-seed11-1781443358023,agent_session,cache_aware,standard_lora,250.0,48,18.2826096414503,11.231393273581382,0.6143211223039837
agent_session-multitask-activated_lora-seed11-1781443334245,agent_session,multitask,activated_lora,25.0,46,17.700750287941414,14.450732405379455,0.8163909535079976
agent_session-multitask-activated_lora-seed11-1781443334245,agent_session,multitask,activated_lora,50.0,46,17.700750287941414,14.450732405379455,0.8163909535079976
agent_session-multitask-activated_lora-seed11-1781443334245,agent_session,multitask,activated_lora,100.0,48,18.470348126547563,15.079025118656823,0.8163909535079976
agent_session-multitask-activated_lora-seed11-1781443334245,agent_session,multitask,activated_lora,150.0,48,18.470348126547563,15.079025118656823,0.8163909535079976
agent_session-multitask-activated_lora-seed11-1781443334245,agent_session,multitask,activated_lora,250.0,48,18.470348126547563,15.079025118656823,0.8163909535079976
agent_session-multitask-base_shared-seed11-1781443330516,agent_session,multitask,base_shared,25.0,46,17.700750287941414,14.450732405379455,0.8163909535079976
agent_session-multitask-base_shared-seed11-1781443330516,agent_session,multitask,base_shared,50.0,46,17.700750287941414,14.450732405379455,0.8163909535079976
agent_session-multitask-base_shared-seed11-1781443330516,agent_session,multitask,base_shared,100.0,48,18.470348126547563,15.079025118656823,0.8163909535079976
agent_session-multitask-base_shared-seed11-1781443330516,agent_session,multitask,base_shared,150.0,48,18.470348126547563,15.079025118656823,0.8163909535079976
agent_session-multitask-base_shared-seed11-1781443330516,agent_session,multitask,base_shared,250.0,48,18.470348126547563,15.079025118656823,0.8163909535079976
agent_session-multitask-copy_on_write-seed11-1781443337920,agent_session,multitask,copy_on_write,25.0,46,17.700750287941414,14.450732405379455,0.8163909535079976
agent_session-multitask-copy_on_write-seed11-1781443337920,agent_session,multitask,copy_on_write,50.0,46,17.700750287941414,14.450732405379455,0.8163909535079976
agent_session-multitask-copy_on_write-seed11-1781443337920,agent_session,multitask,copy_on_write,100.0,48,18.470348126547563,15.079025118656823,0.8163909535079976
agent_session-multitask-copy_on_write-seed11-1781443337920,agent_session,multitask,copy_on_write,150.0,48,18.470348126547563,15.079025118656823,0.8163909535079976
agent_session-multitask-copy_on_write-seed11-1781443337920,agent_session,multitask,copy_on_write,250.0,48,18.470348126547563,15.079025118656823,0.8163909535079976
agent_session-multitask-standard_lora-seed11-1781443326927,agent_session,multitask,standard_lora,25.0,46,17.700750287941414,14.450732405379455,0.8163909535079976
agent_session-multitask-standard_lora-seed11-1781443326927,agent_session,multitask,standard_lora,50.0,46,17.700750287941414,14.450732405379455,0.8163909535079976
agent_session-multitask-standard_lora-seed11-1781443326927,agent_session,multitask,standard_lora,100.0,48,18.470348126547563,15.079025118656823,0.8163909535079976
agent_session-multitask-standard_lora-seed11-1781443326927,agent_session,multitask,standard_lora,150.0,48,18.470348126547563,15.079025118656823,0.8163909535079976
agent_session-multitask-standard_lora-seed11-1781443326927,agent_session,multitask,standard_lora,250.0,48,18.470348126547563,15.079025118656823,0.8163909535079976
agent_session-oracle-activated_lora-seed11-1781443385528,agent_session,oracle,activated_lora,25.0,46,17.266894253230873,15.939049698254316,0.9230988193068884
agent_session-oracle-activated_lora-seed11-1781443385528,agent_session,oracle,activated_lora,50.0,47,17.64226151960546,16.28555077865115,0.9230988193068884
agent_session-oracle-activated_lora-seed11-1781443385528,agent_session,oracle,activated_lora,100.0,48,18.01762878598004,16.63205185904798,0.9230988193068884
agent_session-oracle-activated_lora-seed11-1781443385528,agent_session,oracle,activated_lora,150.0,48,18.01762878598004,16.63205185904798,0.9230988193068884
agent_session-oracle-activated_lora-seed11-1781443385528,agent_session,oracle,activated_lora,250.0,48,18.01762878598004,16.63205185904798,0.9230988193068884
agent_session-oracle-base_shared-seed11-1781443380659,agent_session,oracle,base_shared,25.0,46,17.266894253230873,15.939049698254316,0.9230988193068884
agent_session-oracle-base_shared-seed11-1781443380659,agent_session,oracle,base_shared,50.0,47,17.64226151960546,16.28555077865115,0.9230988193068884
agent_session-oracle-base_shared-seed11-1781443380659,agent_session,oracle,base_shared,100.0,48,18.01762878598004,16.63205185904798,0.9230988193068884
agent_session-oracle-base_shared-seed11-1781443380659,agent_session,oracle,base_shared,150.0,48,18.01762878598004,16.63205185904798,0.9230988193068884
agent_session-oracle-base_shared-seed11-1781443380659,agent_session,oracle,base_shared,250.0,48,18.01762878598004,16.63205185904798,0.9230988193068884
agent_session-oracle-copy_on_write-seed11-1781443390360,agent_session,oracle,copy_on_write,25.0,46,17.266894253230873,15.939049698254316,0.9230988193068884
agent_session-oracle-copy_on_write-seed11-1781443390360,agent_session,oracle,copy_on_write,50.0,47,17.64226151960546,16.28555077865115,0.9230988193068884
agent_session-oracle-copy_on_write-seed11-1781443390360,agent_session,oracle,copy_on_write,100.0,48,18.01762878598004,16.63205185904798,0.9230988193068884
agent_session-oracle-copy_on_write-seed11-1781443390360,agent_session,oracle,copy_on_write,150.0,48,18.01762878598004,16.63205185904798,0.9230988193068884
agent_session-oracle-copy_on_write-seed11-1781443390360,agent_session,oracle,copy_on_write,250.0,48,18.01762878598004,16.63205185904798,0.9230988193068884
agent_session-oracle-standard_lora-seed11-1781443375867,agent_session,oracle,standard_lora,25.0,18,6.022367978068914,5.559240769987027,0.9230988193068884
agent_session-oracle-standard_lora-seed11-1781443375867,agent_session,oracle,standard_lora,50.0,45,15.055919945172285,13.898101924967568,0.9230988193068884
agent_session-oracle-standard_lora-seed11-1781443375867,agent_session,oracle,standard_lora,100.0,48,16.059647941517103,14.824642053298739,0.9230988193068884
agent_session-oracle-standard_lora-seed11-1781443375867,agent_session,oracle,standard_lora,150.0,48,16.059647941517103,14.824642053298739,0.9230988193068884
agent_session-oracle-standard_lora-seed11-1781443375867,agent_session,oracle,standard_lora,250.0,48,16.059647941517103,14.824642053298739,0.9230988193068884
agent_session-random-activated_lora-seed11-1781443307596,agent_session,random,activated_lora,25.0,46,18.097786184790436,11.88070502296266,0.6564728360503742
agent_session-random-activated_lora-seed11-1781443307596,agent_session,random,activated_lora,50.0,47,18.4912163192424,12.13898121911402,0.6564728360503742
agent_session-random-activated_lora-seed11-1781443307596,agent_session,random,activated_lora,100.0,48,18.884646453694366,12.397257415265383,0.6564728360503742
agent_session-random-activated_lora-seed11-1781443307596,agent_session,random,activated_lora,150.0,48,18.884646453694366,12.397257415265383,0.6564728360503742
agent_session-random-activated_lora-seed11-1781443307596,agent_session,random,activated_lora,250.0,48,18.884646453694366,12.397257415265383,0.6564728360503742
agent_session-random-base_shared-seed11-1781443304785,agent_session,random,base_shared,25.0,46,18.097786184790436,11.88070502296266,0.6564728360503742
agent_session-random-base_shared-seed11-1781443304785,agent_session,random,base_shared,50.0,47,18.4912163192424,12.13898121911402,0.6564728360503742
agent_session-random-base_shared-seed11-1781443304785,agent_session,random,base_shared,100.0,48,18.884646453694366,12.397257415265383,0.6564728360503742
agent_session-random-base_shared-seed11-1781443304785,agent_session,random,base_shared,150.0,48,18.884646453694366,12.397257415265383,0.6564728360503742
agent_session-random-base_shared-seed11-1781443304785,agent_session,random,base_shared,250.0,48,18.884646453694366,12.397257415265383,0.6564728360503742
agent_session-random-copy_on_write-seed11-1781443310518,agent_session,random,copy_on_write,25.0,46,18.097786184790436,11.88070502296266,0.6564728360503742
agent_session-random-copy_on_write-seed11-1781443310518,agent_session,random,copy_on_write,50.0,47,18.4912163192424,12.13898121911402,0.6564728360503742
agent_session-random-copy_on_write-seed11-1781443310518,agent_session,random,copy_on_write,100.0,48,18.884646453694366,12.397257415265383,0.6564728360503742
agent_session-random-copy_on_write-seed11-1781443310518,agent_session,random,copy_on_write,150.0,48,18.884646453694366,12.397257415265383,0.6564728360503742
agent_session-random-copy_on_write-seed11-1781443310518,agent_session,random,copy_on_write,250.0,48,18.884646453694366,12.397257415265383,0.6564728360503742
agent_session-random-standard_lora-seed11-1781443302119,agent_session,random,standard_lora,25.0,26,8.720889243801258,5.725026894759415,0.6564728360503742
agent_session-random-standard_lora-seed11-1781443302119,agent_session,random,standard_lora,50.0,41,13.752171499840443,9.027927026351383,0.6564728360503742
agent_session-random-standard_lora-seed11-1781443302119,agent_session,random,standard_lora,100.0,48,16.100103219325398,10.569280421094303,0.6564728360503742
agent_session-random-standard_lora-seed11-1781443302119,agent_session,random,standard_lora,150.0,48,16.100103219325398,10.569280421094303,0.6564728360503742
agent_session-random-standard_lora-seed11-1781443302119,agent_session,random,standard_lora,250.0,48,16.100103219325398,10.569280421094303,0.6564728360503742
agent_session-semantic-activated_lora-seed11-1781443320054,agent_session,semantic,activated_lora,25.0,46,17.266894253230873,15.939049698254316,0.9230988193068884
agent_session-semantic-activated_lora-seed11-1781443320054,agent_session,semantic,activated_lora,50.0,47,17.64226151960546,16.28555077865115,0.9230988193068884
agent_session-semantic-activated_lora-seed11-1781443320054,agent_session,semantic,activated_lora,100.0,48,18.01762878598004,16.63205185904798,0.9230988193068884
agent_session-semantic-activated_lora-seed11-1781443320054,agent_session,semantic,activated_lora,150.0,48,18.01762878598004,16.63205185904798,0.9230988193068884
agent_session-semantic-activated_lora-seed11-1781443320054,agent_session,semantic,activated_lora,250.0,48,18.01762878598004,16.63205185904798,0.9230988193068884
agent_session-semantic-base_shared-seed11-1781443316756,agent_session,semantic,base_shared,25.0,46,17.266894253230873,15.939049698254316,0.9230988193068884
agent_session-semantic-base_shared-seed11-1781443316756,agent_session,semantic,base_shared,50.0,47,17.64226151960546,16.28555077865115,0.9230988193068884
agent_session-semantic-base_shared-seed11-1781443316756,agent_session,semantic,base_shared,100.0,48,18.01762878598004,16.63205185904798,0.9230988193068884
agent_session-semantic-base_shared-seed11-1781443316756,agent_session,semantic,base_shared,150.0,48,18.01762878598004,16.63205185904798,0.9230988193068884
agent_session-semantic-base_shared-seed11-1781443316756,agent_session,semantic,base_shared,250.0,48,18.01762878598004,16.63205185904798,0.9230988193068884
agent_session-semantic-copy_on_write-seed11-1781443323402,agent_session,semantic,copy_on_write,25.0,46,17.266894253230873,15.939049698254316,0.9230988193068884
agent_session-semantic-copy_on_write-seed11-1781443323402,agent_session,semantic,copy_on_write,50.0,47,17.64226151960546,16.28555077865115,0.9230988193068884
agent_session-semantic-copy_on_write-seed11-1781443323402,agent_session,semantic,copy_on_write,100.0,48,18.01762878598004,16.63205185904798,0.9230988193068884
agent_session-semantic-copy_on_write-seed11-1781443323402,agent_session,semantic,copy_on_write,150.0,48,18.01762878598004,16.63205185904798,0.9230988193068884
agent_session-semantic-copy_on_write-seed11-1781443323402,agent_session,semantic,copy_on_write,250.0,48,18.01762878598004,16.63205185904798,0.9230988193068884
agent_session-semantic-standard_lora-seed11-1781443313606,agent_session,semantic,standard_lora,25.0,18,6.022367978068914,5.559240769987027,0.9230988193068884
agent_session-semantic-standard_lora-seed11-1781443313606,agent_session,semantic,standard_lora,50.0,45,15.055919945172285,13.898101924967568,0.9230988193068884
agent_session-semantic-standard_lora-seed11-1781443313606,agent_session,semantic,standard_lora,100.0,48,16.059647941517103,14.824642053298739,0.9230988193068884
agent_session-semantic-standard_lora-seed11-1781443313606,agent_session,semantic,standard_lora,150.0,48,16.059647941517103,14.824642053298739,0.9230988193068884
agent_session-semantic-standard_lora-seed11-1781443313606,agent_session,semantic,standard_lora,250.0,48,16.059647941517103,14.824642053298739,0.9230988193068884
agent_session-sticky_session-activated_lora-seed11-1781443349766,agent_session,sticky_session,activated_lora,25.0,46,17.266894253230873,15.939049698254316,0.9230988193068884
agent_session-sticky_session-activated_lora-seed11-1781443349766,agent_session,sticky_session,activated_lora,50.0,47,17.64226151960546,16.28555077865115,0.9230988193068884
agent_session-sticky_session-activated_lora-seed11-1781443349766,agent_session,sticky_session,activated_lora,100.0,48,18.01762878598004,16.63205185904798,0.9230988193068884
agent_session-sticky_session-activated_lora-seed11-1781443349766,agent_session,sticky_session,activated_lora,150.0,48,18.01762878598004,16.63205185904798,0.9230988193068884
agent_session-sticky_session-activated_lora-seed11-1781443349766,agent_session,sticky_session,activated_lora,250.0,48,18.01762878598004,16.63205185904798,0.9230988193068884
agent_session-sticky_session-base_shared-seed11-1781443345701,agent_session,sticky_session,base_shared,25.0,46,17.266894253230873,15.939049698254316,0.9230988193068884
agent_session-sticky_session-base_shared-seed11-1781443345701,agent_session,sticky_session,base_shared,50.0,47,17.64226151960546,16.28555077865115,0.9230988193068884
agent_session-sticky_session-base_shared-seed11-1781443345701,agent_session,sticky_session,base_shared,100.0,48,18.01762878598004,16.63205185904798,0.9230988193068884
agent_session-sticky_session-base_shared-seed11-1781443345701,agent_session,sticky_session,base_shared,150.0,48,18.01762878598004,16.63205185904798,0.9230988193068884
agent_session-sticky_session-base_shared-seed11-1781443345701,agent_session,sticky_session,base_shared,250.0,48,18.01762878598004,16.63205185904798,0.9230988193068884
agent_session-sticky_session-copy_on_write-seed11-1781443353827,agent_session,sticky_session,copy_on_write,25.0,46,17.266894253230873,15.939049698254316,0.9230988193068884
agent_session-sticky_session-copy_on_write-seed11-1781443353827,agent_session,sticky_session,copy_on_write,50.0,47,17.64226151960546,16.28555077865115,0.9230988193068884
agent_session-sticky_session-copy_on_write-seed11-1781443353827,agent_session,sticky_session,copy_on_write,100.0,48,18.01762878598004,16.63205185904798,0.9230988193068884
agent_session-sticky_session-copy_on_write-seed11-1781443353827,agent_session,sticky_session,copy_on_write,150.0,48,18.01762878598004,16.63205185904798,0.9230988193068884
agent_session-sticky_session-copy_on_write-seed11-1781443353827,agent_session,sticky_session,copy_on_write,250.0,48,18.01762878598004,16.63205185904798,0.9230988193068884
agent_session-sticky_session-standard_lora-seed11-1781443341785,agent_session,sticky_session,standard_lora,25.0,18,6.022367978068914,5.559240769987027,0.9230988193068884
agent_session-sticky_session-standard_lora-seed11-1781443341785,agent_session,sticky_session,standard_lora,50.0,45,15.055919945172285,13.898101924967568,0.9230988193068884
agent_session-sticky_session-standard_lora-seed11-1781443341785,agent_session,sticky_session,standard_lora,100.0,48,16.059647941517103,14.824642053298739,0.9230988193068884
agent_session-sticky_session-standard_lora-seed11-1781443341785,agent_session,sticky_session,standard_lora,150.0,48,16.059647941517103,14.824642053298739,0.9230988193068884
agent_session-sticky_session-standard_lora-seed11-1781443341785,agent_session,sticky_session,standard_lora,250.0,48,16.059647941517103,14.824642053298739,0.9230988193068884
low_overlap_control-cache_aware-activated_lora-seed11-1781443367720,low_overlap_control,cache_aware,activated_lora,25.0,0,0.0,0.0,0.9070162139699102
low_overlap_control-cache_aware-activated_lora-seed11-1781443367720,low_overlap_control,cache_aware,activated_lora,50.0,0,0.0,0.0,0.9070162139699102
low_overlap_control-cache_aware-activated_lora-seed11-1781443367720,low_overlap_control,cache_aware,activated_lora,100.0,48,9.745727958371258,8.839533275182601,0.9070162139699102
low_overlap_control-cache_aware-activated_lora-seed11-1781443367720,low_overlap_control,cache_aware,activated_lora,150.0,48,9.745727958371258,8.839533275182601,0.9070162139699102
low_overlap_control-cache_aware-activated_lora-seed11-1781443367720,low_overlap_control,cache_aware,activated_lora,250.0,48,9.745727958371258,8.839533275182601,0.9070162139699102
low_overlap_control-cache_aware-base_shared-seed11-1781443363177,low_overlap_control,cache_aware,base_shared,25.0,0,0.0,0.0,0.9070162139699102
low_overlap_control-cache_aware-base_shared-seed11-1781443363177,low_overlap_control,cache_aware,base_shared,50.0,0,0.0,0.0,0.9070162139699102
low_overlap_control-cache_aware-base_shared-seed11-1781443363177,low_overlap_control,cache_aware,base_shared,100.0,48,9.745727958371258,8.839533275182601,0.9070162139699102
low_overlap_control-cache_aware-base_shared-seed11-1781443363177,low_overlap_control,cache_aware,base_shared,150.0,48,9.745727958371258,8.839533275182601,0.9070162139699102
low_overlap_control-cache_aware-base_shared-seed11-1781443363177,low_overlap_control,cache_aware,base_shared,250.0,48,9.745727958371258,8.839533275182601,0.9070162139699102
low_overlap_control-cache_aware-copy_on_write-seed11-1781443372218,low_overlap_control,cache_aware,copy_on_write,25.0,0,0.0,0.0,0.9070162139699102
low_overlap_control-cache_aware-copy_on_write-seed11-1781443372218,low_overlap_control,cache_aware,copy_on_write,50.0,0,0.0,0.0,0.9070162139699102
low_overlap_control-cache_aware-copy_on_write-seed11-1781443372218,low_overlap_control,cache_aware,copy_on_write,100.0,48,9.745727958371258,8.839533275182601,0.9070162139699102
low_overlap_control-cache_aware-copy_on_write-seed11-1781443372218,low_overlap_control,cache_aware,copy_on_write,150.0,48,9.745727958371258,8.839533275182601,0.9070162139699102
low_overlap_control-cache_aware-copy_on_write-seed11-1781443372218,low_overlap_control,cache_aware,copy_on_write,250.0,48,9.745727958371258,8.839533275182601,0.9070162139699102
low_overlap_control-cache_aware-standard_lora-seed11-1781443358852,low_overlap_control,cache_aware,standard_lora,25.0,0,0.0,0.0,0.9070162139699102
low_overlap_control-cache_aware-standard_lora-seed11-1781443358852,low_overlap_control,cache_aware,standard_lora,50.0,0,0.0,0.0,0.9070162139699102
low_overlap_control-cache_aware-standard_lora-seed11-1781443358852,low_overlap_control,cache_aware,standard_lora,100.0,48,9.745727958371258,8.839533275182601,0.9070162139699102
low_overlap_control-cache_aware-standard_lora-seed11-1781443358852,low_overlap_control,cache_aware,standard_lora,150.0,48,9.745727958371258,8.839533275182601,0.9070162139699102
low_overlap_control-cache_aware-standard_lora-seed11-1781443358852,low_overlap_control,cache_aware,standard_lora,250.0,48,9.745727958371258,8.839533275182601,0.9070162139699102
low_overlap_control-multitask-activated_lora-seed11-1781443334954,low_overlap_control,multitask,activated_lora,25.0,0,0.0,0.0,0.8026429516283026
low_overlap_control-multitask-activated_lora-seed11-1781443334954,low_overlap_control,multitask,activated_lora,50.0,0,0.0,0.0,0.8026429516283026
low_overlap_control-multitask-activated_lora-seed11-1781443334954,low_overlap_control,multitask,activated_lora,100.0,48,9.76528693691508,7.838038730542825,0.8026429516283026
low_overlap_control-multitask-activated_lora-seed11-1781443334954,low_overlap_control,multitask,activated_lora,150.0,48,9.76528693691508,7.838038730542825,0.8026429516283026
low_overlap_control-multitask-activated_lora-seed11-1781443334954,low_overlap_control,multitask,activated_lora,250.0,48,9.76528693691508,7.838038730542825,0.8026429516283026
low_overlap_control-multitask-base_shared-seed11-1781443331268,low_overlap_control,multitask,base_shared,25.0,0,0.0,0.0,0.8026429516283026
low_overlap_control-multitask-base_shared-seed11-1781443331268,low_overlap_control,multitask,base_shared,50.0,0,0.0,0.0,0.8026429516283026
low_overlap_control-multitask-base_shared-seed11-1781443331268,low_overlap_control,multitask,base_shared,100.0,48,9.76528693691508,7.838038730542825,0.8026429516283026
low_overlap_control-multitask-base_shared-seed11-1781443331268,low_overlap_control,multitask,base_shared,150.0,48,9.76528693691508,7.838038730542825,0.8026429516283026
low_overlap_control-multitask-base_shared-seed11-1781443331268,low_overlap_control,multitask,base_shared,250.0,48,9.76528693691508,7.838038730542825,0.8026429516283026
low_overlap_control-multitask-copy_on_write-seed11-1781443338637,low_overlap_control,multitask,copy_on_write,25.0,0,0.0,0.0,0.8026429516283026
low_overlap_control-multitask-copy_on_write-seed11-1781443338637,low_overlap_control,multitask,copy_on_write,50.0,0,0.0,0.0,0.8026429516283026
low_overlap_control-multitask-copy_on_write-seed11-1781443338637,low_overlap_control,multitask,copy_on_write,100.0,48,9.76528693691508,7.838038730542825,0.8026429516283026
low_overlap_control-multitask-copy_on_write-seed11-1781443338637,low_overlap_control,multitask,copy_on_write,150.0,48,9.76528693691508,7.838038730542825,0.8026429516283026
low_overlap_control-multitask-copy_on_write-seed11-1781443338637,low_overlap_control,multitask,copy_on_write,250.0,48,9.76528693691508,7.838038730542825,0.8026429516283026
low_overlap_control-multitask-standard_lora-seed11-1781443327660,low_overlap_control,multitask,standard_lora,25.0,0,0.0,0.0,0.8026429516283026
low_overlap_control-multitask-standard_lora-seed11-1781443327660,low_overlap_control,multitask,standard_lora,50.0,0,0.0,0.0,0.8026429516283026
low_overlap_control-multitask-standard_lora-seed11-1781443327660,low_overlap_control,multitask,standard_lora,100.0,48,9.76528693691508,7.838038730542825,0.8026429516283026
low_overlap_control-multitask-standard_lora-seed11-1781443327660,low_overlap_control,multitask,standard_lora,150.0,48,9.76528693691508,7.838038730542825,0.8026429516283026
low_overlap_control-multitask-standard_lora-seed11-1781443327660,low_overlap_control,multitask,standard_lora,250.0,48,9.76528693691508,7.838038730542825,0.8026429516283026
low_overlap_control-oracle-activated_lora-seed11-1781443386496,low_overlap_control,oracle,activated_lora,25.0,0,0.0,0.0,0.9070162139699102
low_overlap_control-oracle-activated_lora-seed11-1781443386496,low_overlap_control,oracle,activated_lora,50.0,0,0.0,0.0,0.9070162139699102
low_overlap_control-oracle-activated_lora-seed11-1781443386496,low_overlap_control,oracle,activated_lora,100.0,48,9.745727958371258,8.839533275182601,0.9070162139699102
low_overlap_control-oracle-activated_lora-seed11-1781443386496,low_overlap_control,oracle,activated_lora,150.0,48,9.745727958371258,8.839533275182601,0.9070162139699102
low_overlap_control-oracle-activated_lora-seed11-1781443386496,low_overlap_control,oracle,activated_lora,250.0,48,9.745727958371258,8.839533275182601,0.9070162139699102
low_overlap_control-oracle-base_shared-seed11-1781443381603,low_overlap_control,oracle,base_shared,25.0,0,0.0,0.0,0.9070162139699102
low_overlap_control-oracle-base_shared-seed11-1781443381603,low_overlap_control,oracle,base_shared,50.0,0,0.0,0.0,0.9070162139699102
low_overlap_control-oracle-base_shared-seed11-1781443381603,low_overlap_control,oracle,base_shared,100.0,48,9.745727958371258,8.839533275182601,0.9070162139699102
low_overlap_control-oracle-base_shared-seed11-1781443381603,low_overlap_control,oracle,base_shared,150.0,48,9.745727958371258,8.839533275182601,0.9070162139699102
low_overlap_control-oracle-base_shared-seed11-1781443381603,low_overlap_control,oracle,base_shared,250.0,48,9.745727958371258,8.839533275182601,0.9070162139699102
low_overlap_control-oracle-copy_on_write-seed11-1781443391356,low_overlap_control,oracle,copy_on_write,25.0,0,0.0,0.0,0.9070162139699102
low_overlap_control-oracle-copy_on_write-seed11-1781443391356,low_overlap_control,oracle,copy_on_write,50.0,0,0.0,0.0,0.9070162139699102
low_overlap_control-oracle-copy_on_write-seed11-1781443391356,low_overlap_control,oracle,copy_on_write,100.0,48,9.745727958371258,8.839533275182601,0.9070162139699102
low_overlap_control-oracle-copy_on_write-seed11-1781443391356,low_overlap_control,oracle,copy_on_write,150.0,48,9.745727958371258,8.839533275182601,0.9070162139699102
low_overlap_control-oracle-copy_on_write-seed11-1781443391356,low_overlap_control,oracle,copy_on_write,250.0,48,9.745727958371258,8.839533275182601,0.9070162139699102
low_overlap_control-oracle-standard_lora-seed11-1781443376828,low_overlap_control,oracle,standard_lora,25.0,0,0.0,0.0,0.9070162139699102
low_overlap_control-oracle-standard_lora-seed11-1781443376828,low_overlap_control,oracle,standard_lora,50.0,0,0.0,0.0,0.9070162139699102
low_overlap_control-oracle-standard_lora-seed11-1781443376828,low_overlap_control,oracle,standard_lora,100.0,48,9.745727958371258,8.839533275182601,0.9070162139699102
low_overlap_control-oracle-standard_lora-seed11-1781443376828,low_overlap_control,oracle,standard_lora,150.0,48,9.745727958371258,8.839533275182601,0.9070162139699102
low_overlap_control-oracle-standard_lora-seed11-1781443376828,low_overlap_control,oracle,standard_lora,250.0,48,9.745727958371258,8.839533275182601,0.9070162139699102
low_overlap_control-random-activated_lora-seed11-1781443308150,low_overlap_control,random,activated_lora,25.0,0,0.0,0.0,0.6302410753957726
low_overlap_control-random-activated_lora-seed11-1781443308150,low_overlap_control,random,activated_lora,50.0,0,0.0,0.0,0.6302410753957726
low_overlap_control-random-activated_lora-seed11-1781443308150,low_overlap_control,random,activated_lora,100.0,48,9.577014499354908,6.035827917154344,0.6302410753957726
low_overlap_control-random-activated_lora-seed11-1781443308150,low_overlap_control,random,activated_lora,150.0,48,9.577014499354908,6.035827917154344,0.6302410753957726
low_overlap_control-random-activated_lora-seed11-1781443308150,low_overlap_control,random,activated_lora,250.0,48,9.577014499354908,6.035827917154344,0.6302410753957726
low_overlap_control-random-base_shared-seed11-1781443305332,low_overlap_control,random,base_shared,25.0,0,0.0,0.0,0.6302410753957726
low_overlap_control-random-base_shared-seed11-1781443305332,low_overlap_control,random,base_shared,50.0,0,0.0,0.0,0.6302410753957726
low_overlap_control-random-base_shared-seed11-1781443305332,low_overlap_control,random,base_shared,100.0,48,9.652508977743492,6.083407638400408,0.6302410753957726
low_overlap_control-random-base_shared-seed11-1781443305332,low_overlap_control,random,base_shared,150.0,48,9.652508977743492,6.083407638400408,0.6302410753957726
low_overlap_control-random-base_shared-seed11-1781443305332,low_overlap_control,random,base_shared,250.0,48,9.652508977743492,6.083407638400408,0.6302410753957726
low_overlap_control-random-copy_on_write-seed11-1781443311098,low_overlap_control,random,copy_on_write,25.0,0,0.0,0.0,0.6302410753957726
low_overlap_control-random-copy_on_write-seed11-1781443311098,low_overlap_control,random,copy_on_write,50.0,0,0.0,0.0,0.6302410753957726
low_overlap_control-random-copy_on_write-seed11-1781443311098,low_overlap_control,random,copy_on_write,100.0,48,9.652508977743492,6.083407638400408,0.6302410753957726
low_overlap_control-random-copy_on_write-seed11-1781443311098,low_overlap_control,random,copy_on_write,150.0,48,9.652508977743492,6.083407638400408,0.6302410753957726
low_overlap_control-random-copy_on_write-seed11-1781443311098,low_overlap_control,random,copy_on_write,250.0,48,9.652508977743492,6.083407638400408,0.6302410753957726
low_overlap_control-random-standard_lora-seed11-1781443302603,low_overlap_control,random,standard_lora,25.0,0,0.0,0.0,0.6302410753957726
low_overlap_control-random-standard_lora-seed11-1781443302603,low_overlap_control,random,standard_lora,50.0,0,0.0,0.0,0.6302410753957726
low_overlap_control-random-standard_lora-seed11-1781443302603,low_overlap_control,random,standard_lora,100.0,48,9.577014499354908,6.035827917154344,0.6302410753957726
low_overlap_control-random-standard_lora-seed11-1781443302603,low_overlap_control,random,standard_lora,150.0,48,9.577014499354908,6.035827917154344,0.6302410753957726
low_overlap_control-random-standard_lora-seed11-1781443302603,low_overlap_control,random,standard_lora,250.0,48,9.577014499354908,6.035827917154344,0.6302410753957726
low_overlap_control-semantic-activated_lora-seed11-1781443320732,low_overlap_control,semantic,activated_lora,25.0,0,0.0,0.0,0.9070162139699102
low_overlap_control-semantic-activated_lora-seed11-1781443320732,low_overlap_control,semantic,activated_lora,50.0,0,0.0,0.0,0.9070162139699102
low_overlap_control-semantic-activated_lora-seed11-1781443320732,low_overlap_control,semantic,activated_lora,100.0,48,9.745727958371258,8.839533275182601,0.9070162139699102
low_overlap_control-semantic-activated_lora-seed11-1781443320732,low_overlap_control,semantic,activated_lora,150.0,48,9.745727958371258,8.839533275182601,0.9070162139699102
low_overlap_control-semantic-activated_lora-seed11-1781443320732,low_overlap_control,semantic,activated_lora,250.0,48,9.745727958371258,8.839533275182601,0.9070162139699102
low_overlap_control-semantic-base_shared-seed11-1781443317426,low_overlap_control,semantic,base_shared,25.0,0,0.0,0.0,0.9070162139699102
low_overlap_control-semantic-base_shared-seed11-1781443317426,low_overlap_control,semantic,base_shared,50.0,0,0.0,0.0,0.9070162139699102
low_overlap_control-semantic-base_shared-seed11-1781443317426,low_overlap_control,semantic,base_shared,100.0,48,9.745727958371258,8.839533275182601,0.9070162139699102
low_overlap_control-semantic-base_shared-seed11-1781443317426,low_overlap_control,semantic,base_shared,150.0,48,9.745727958371258,8.839533275182601,0.9070162139699102
low_overlap_control-semantic-base_shared-seed11-1781443317426,low_overlap_control,semantic,base_shared,250.0,48,9.745727958371258,8.839533275182601,0.9070162139699102
low_overlap_control-semantic-copy_on_write-seed11-1781443324141,low_overlap_control,semantic,copy_on_write,25.0,0,0.0,0.0,0.9070162139699102
low_overlap_control-semantic-copy_on_write-seed11-1781443324141,low_overlap_control,semantic,copy_on_write,50.0,0,0.0,0.0,0.9070162139699102
low_overlap_control-semantic-copy_on_write-seed11-1781443324141,low_overlap_control,semantic,copy_on_write,100.0,48,9.745727958371258,8.839533275182601,0.9070162139699102
low_overlap_control-semantic-copy_on_write-seed11-1781443324141,low_overlap_control,semantic,copy_on_write,150.0,48,9.745727958371258,8.839533275182601,0.9070162139699102
low_overlap_control-semantic-copy_on_write-seed11-1781443324141,low_overlap_control,semantic,copy_on_write,250.0,48,9.745727958371258,8.839533275182601,0.9070162139699102
low_overlap_control-semantic-standard_lora-seed11-1781443314223,low_overlap_control,semantic,standard_lora,25.0,0,0.0,0.0,0.9070162139699102
low_overlap_control-semantic-standard_lora-seed11-1781443314223,low_overlap_control,semantic,standard_lora,50.0,0,0.0,0.0,0.9070162139699102
low_overlap_control-semantic-standard_lora-seed11-1781443314223,low_overlap_control,semantic,standard_lora,100.0,48,9.745727958371258,8.839533275182601,0.9070162139699102
low_overlap_control-semantic-standard_lora-seed11-1781443314223,low_overlap_control,semantic,standard_lora,150.0,48,9.745727958371258,8.839533275182601,0.9070162139699102
low_overlap_control-semantic-standard_lora-seed11-1781443314223,low_overlap_control,semantic,standard_lora,250.0,48,9.745727958371258,8.839533275182601,0.9070162139699102
low_overlap_control-sticky_session-activated_lora-seed11-1781443350557,low_overlap_control,sticky_session,activated_lora,25.0,0,0.0,0.0,0.9070162139699102
low_overlap_control-sticky_session-activated_lora-seed11-1781443350557,low_overlap_control,sticky_session,activated_lora,50.0,0,0.0,0.0,0.9070162139699102
low_overlap_control-sticky_session-activated_lora-seed11-1781443350557,low_overlap_control,sticky_session,activated_lora,100.0,48,9.745727958371258,8.839533275182601,0.9070162139699102
low_overlap_control-sticky_session-activated_lora-seed11-1781443350557,low_overlap_control,sticky_session,activated_lora,150.0,48,9.745727958371258,8.839533275182601,0.9070162139699102
low_overlap_control-sticky_session-activated_lora-seed11-1781443350557,low_overlap_control,sticky_session,activated_lora,250.0,48,9.745727958371258,8.839533275182601,0.9070162139699102
low_overlap_control-sticky_session-base_shared-seed11-1781443346531,low_overlap_control,sticky_session,base_shared,25.0,0,0.0,0.0,0.9070162139699102
low_overlap_control-sticky_session-base_shared-seed11-1781443346531,low_overlap_control,sticky_session,base_shared,50.0,0,0.0,0.0,0.9070162139699102
low_overlap_control-sticky_session-base_shared-seed11-1781443346531,low_overlap_control,sticky_session,base_shared,100.0,48,9.745727958371258,8.839533275182601,0.9070162139699102
low_overlap_control-sticky_session-base_shared-seed11-1781443346531,low_overlap_control,sticky_session,base_shared,150.0,48,9.745727958371258,8.839533275182601,0.9070162139699102
low_overlap_control-sticky_session-base_shared-seed11-1781443346531,low_overlap_control,sticky_session,base_shared,250.0,48,9.745727958371258,8.839533275182601,0.9070162139699102
low_overlap_control-sticky_session-copy_on_write-seed11-1781443354658,low_overlap_control,sticky_session,copy_on_write,25.0,0,0.0,0.0,0.9070162139699102
low_overlap_control-sticky_session-copy_on_write-seed11-1781443354658,low_overlap_control,sticky_session,copy_on_write,50.0,0,0.0,0.0,0.9070162139699102
low_overlap_control-sticky_session-copy_on_write-seed11-1781443354658,low_overlap_control,sticky_session,copy_on_write,100.0,48,9.745727958371258,8.839533275182601,0.9070162139699102
low_overlap_control-sticky_session-copy_on_write-seed11-1781443354658,low_overlap_control,sticky_session,copy_on_write,150.0,48,9.745727958371258,8.839533275182601,0.9070162139699102
low_overlap_control-sticky_session-copy_on_write-seed11-1781443354658,low_overlap_control,sticky_session,copy_on_write,250.0,48,9.745727958371258,8.839533275182601,0.9070162139699102
low_overlap_control-sticky_session-standard_lora-seed11-1781443342549,low_overlap_control,sticky_session,standard_lora,25.0,0,0.0,0.0,0.9070162139699102
low_overlap_control-sticky_session-standard_lora-seed11-1781443342549,low_overlap_control,sticky_session,standard_lora,50.0,0,0.0,0.0,0.9070162139699102
low_overlap_control-sticky_session-standard_lora-seed11-1781443342549,low_overlap_control,sticky_session,standard_lora,100.0,48,9.745727958371258,8.839533275182601,0.9070162139699102
low_overlap_control-sticky_session-standard_lora-seed11-1781443342549,low_overlap_control,sticky_session,standard_lora,150.0,48,9.745727958371258,8.839533275182601,0.9070162139699102
low_overlap_control-sticky_session-standard_lora-seed11-1781443342549,low_overlap_control,sticky_session,standard_lora,250.0,48,9.745727958371258,8.839533275182601,0.9070162139699102
mixed_tasks_same_doc-cache_aware-activated_lora-seed11-1781443365835,mixed_tasks_same_doc,cache_aware,activated_lora,25.0,46,19.289633836974435,17.551500704154975,0.9098928913058059
mixed_tasks_same_doc-cache_aware-activated_lora-seed11-1781443365835,mixed_tasks_same_doc,cache_aware,activated_lora,50.0,46,19.289633836974435,17.551500704154975,0.9098928913058059
mixed_tasks_same_doc-cache_aware-activated_lora-seed11-1781443365835,mixed_tasks_same_doc,cache_aware,activated_lora,100.0,48,20.1283135690168,18.314609430422582,0.9098928913058059
mixed_tasks_same_doc-cache_aware-activated_lora-seed11-1781443365835,mixed_tasks_same_doc,cache_aware,activated_lora,150.0,48,20.1283135690168,18.314609430422582,0.9098928913058059
mixed_tasks_same_doc-cache_aware-activated_lora-seed11-1781443365835,mixed_tasks_same_doc,cache_aware,activated_lora,250.0,48,20.1283135690168,18.314609430422582,0.9098928913058059
mixed_tasks_same_doc-cache_aware-activated_lora-seed11-1781443459830,mixed_tasks_same_doc,cache_aware,activated_lora,25.0,62,19.945738949677427,18.198459805778736,0.9123983749959312
mixed_tasks_same_doc-cache_aware-activated_lora-seed11-1781443459830,mixed_tasks_same_doc,cache_aware,activated_lora,50.0,62,19.945738949677427,18.198459805778736,0.9123983749959312
mixed_tasks_same_doc-cache_aware-activated_lora-seed11-1781443459830,mixed_tasks_same_doc,cache_aware,activated_lora,100.0,64,20.58914988353799,18.78550689628773,0.9123983749959312
mixed_tasks_same_doc-cache_aware-activated_lora-seed11-1781443459830,mixed_tasks_same_doc,cache_aware,activated_lora,150.0,64,20.58914988353799,18.78550689628773,0.9123983749959312
mixed_tasks_same_doc-cache_aware-activated_lora-seed11-1781443459830,mixed_tasks_same_doc,cache_aware,activated_lora,250.0,64,20.58914988353799,18.78550689628773,0.9123983749959312
mixed_tasks_same_doc-cache_aware-activated_lora-seed11-1781443589834,mixed_tasks_same_doc,cache_aware,activated_lora,25.0,46,19.289633836974435,17.551500704154975,0.9098928913058059
mixed_tasks_same_doc-cache_aware-activated_lora-seed11-1781443589834,mixed_tasks_same_doc,cache_aware,activated_lora,50.0,46,19.289633836974435,17.551500704154975,0.9098928913058059
mixed_tasks_same_doc-cache_aware-activated_lora-seed11-1781443589834,mixed_tasks_same_doc,cache_aware,activated_lora,100.0,48,20.1283135690168,18.314609430422582,0.9098928913058059
mixed_tasks_same_doc-cache_aware-activated_lora-seed11-1781443589834,mixed_tasks_same_doc,cache_aware,activated_lora,150.0,48,20.1283135690168,18.314609430422582,0.9098928913058059
mixed_tasks_same_doc-cache_aware-activated_lora-seed11-1781443589834,mixed_tasks_same_doc,cache_aware,activated_lora,250.0,48,20.1283135690168,18.314609430422582,0.9098928913058059
mixed_tasks_same_doc-cache_aware-activated_lora-seed17-1781443460991,mixed_tasks_same_doc,cache_aware,activated_lora,25.0,62,19.762320129966483,18.00252481842763,0.9109519884322491
mixed_tasks_same_doc-cache_aware-activated_lora-seed17-1781443460991,mixed_tasks_same_doc,cache_aware,activated_lora,50.0,62,19.762320129966483,18.00252481842763,0.9109519884322491
mixed_tasks_same_doc-cache_aware-activated_lora-seed17-1781443460991,mixed_tasks_same_doc,cache_aware,activated_lora,100.0,64,20.39981432770734,18.583251425473687,0.9109519884322491
mixed_tasks_same_doc-cache_aware-activated_lora-seed17-1781443460991,mixed_tasks_same_doc,cache_aware,activated_lora,150.0,64,20.39981432770734,18.583251425473687,0.9109519884322491
mixed_tasks_same_doc-cache_aware-activated_lora-seed17-1781443460991,mixed_tasks_same_doc,cache_aware,activated_lora,250.0,64,20.39981432770734,18.583251425473687,0.9109519884322491
mixed_tasks_same_doc-cache_aware-activated_lora-seed17-1781443591270,mixed_tasks_same_doc,cache_aware,activated_lora,25.0,46,19.171649781016093,17.421615025147208,0.9087175712127925
mixed_tasks_same_doc-cache_aware-activated_lora-seed17-1781443591270,mixed_tasks_same_doc,cache_aware,activated_lora,50.0,46,19.171649781016093,17.421615025147208,0.9087175712127925
mixed_tasks_same_doc-cache_aware-activated_lora-seed17-1781443591270,mixed_tasks_same_doc,cache_aware,activated_lora,100.0,48,20.005199771495054,18.179076547979697,0.9087175712127925
mixed_tasks_same_doc-cache_aware-activated_lora-seed17-1781443591270,mixed_tasks_same_doc,cache_aware,activated_lora,150.0,48,20.005199771495054,18.179076547979697,0.9087175712127925
mixed_tasks_same_doc-cache_aware-activated_lora-seed17-1781443591270,mixed_tasks_same_doc,cache_aware,activated_lora,250.0,48,20.005199771495054,18.179076547979697,0.9087175712127925
mixed_tasks_same_doc-cache_aware-activated_lora-seed23-1781443592686,mixed_tasks_same_doc,cache_aware,activated_lora,25.0,46,18.851567989223817,17.108533869421496,0.9075390375591729
mixed_tasks_same_doc-cache_aware-activated_lora-seed23-1781443592686,mixed_tasks_same_doc,cache_aware,activated_lora,50.0,46,18.851567989223817,17.108533869421496,0.9075390375591729
mixed_tasks_same_doc-cache_aware-activated_lora-seed23-1781443592686,mixed_tasks_same_doc,cache_aware,activated_lora,100.0,48,19.671201380059635,17.852383168091993,0.9075390375591729
mixed_tasks_same_doc-cache_aware-activated_lora-seed23-1781443592686,mixed_tasks_same_doc,cache_aware,activated_lora,150.0,48,19.671201380059635,17.852383168091993,0.9075390375591729
mixed_tasks_same_doc-cache_aware-activated_lora-seed23-1781443592686,mixed_tasks_same_doc,cache_aware,activated_lora,250.0,48,19.671201380059635,17.852383168091993,0.9075390375591729
mixed_tasks_same_doc-cache_aware-base_shared-seed11-1781443361434,mixed_tasks_same_doc,cache_aware,base_shared,25.0,46,19.160275691170085,17.433798646855095,0.9098928913058059
mixed_tasks_same_doc-cache_aware-base_shared-seed11-1781443361434,mixed_tasks_same_doc,cache_aware,base_shared,50.0,46,19.160275691170085,17.433798646855095,0.9098928913058059
mixed_tasks_same_doc-cache_aware-base_shared-seed11-1781443361434,mixed_tasks_same_doc,cache_aware,base_shared,100.0,48,19.993331156003567,18.191789892370537,0.9098928913058059
mixed_tasks_same_doc-cache_aware-base_shared-seed11-1781443361434,mixed_tasks_same_doc,cache_aware,base_shared,150.0,48,19.993331156003567,18.191789892370537,0.9098928913058059
mixed_tasks_same_doc-cache_aware-base_shared-seed11-1781443361434,mixed_tasks_same_doc,cache_aware,base_shared,250.0,48,19.993331156003567,18.191789892370537,0.9098928913058059
mixed_tasks_same_doc-cache_aware-base_shared-seed11-1781443452911,mixed_tasks_same_doc,cache_aware,base_shared,25.0,62,20.058666144442366,18.301494394775116,0.9123983749959312
mixed_tasks_same_doc-cache_aware-base_shared-seed11-1781443452911,mixed_tasks_same_doc,cache_aware,base_shared,50.0,62,20.058666144442366,18.301494394775116,0.9123983749959312
mixed_tasks_same_doc-cache_aware-base_shared-seed11-1781443452911,mixed_tasks_same_doc,cache_aware,base_shared,100.0,64,20.70571989103728,18.891865181703345,0.9123983749959312
mixed_tasks_same_doc-cache_aware-base_shared-seed11-1781443452911,mixed_tasks_same_doc,cache_aware,base_shared,150.0,64,20.70571989103728,18.891865181703345,0.9123983749959312
mixed_tasks_same_doc-cache_aware-base_shared-seed11-1781443452911,mixed_tasks_same_doc,cache_aware,base_shared,250.0,64,20.70571989103728,18.891865181703345,0.9123983749959312
mixed_tasks_same_doc-cache_aware-base_shared-seed17-1781443454084,mixed_tasks_same_doc,cache_aware,base_shared,25.0,62,19.87317417068088,18.10350752724216,0.9109519884322491
mixed_tasks_same_doc-cache_aware-base_shared-seed17-1781443454084,mixed_tasks_same_doc,cache_aware,base_shared,50.0,62,19.87317417068088,18.10350752724216,0.9109519884322491
mixed_tasks_same_doc-cache_aware-base_shared-seed17-1781443454084,mixed_tasks_same_doc,cache_aware,base_shared,100.0,64,20.514244305218973,18.687491641024167,0.9109519884322491
mixed_tasks_same_doc-cache_aware-base_shared-seed17-1781443454084,mixed_tasks_same_doc,cache_aware,base_shared,150.0,64,20.514244305218973,18.687491641024167,0.9109519884322491
mixed_tasks_same_doc-cache_aware-base_shared-seed17-1781443454084,mixed_tasks_same_doc,cache_aware,base_shared,250.0,64,20.514244305218973,18.687491641024167,0.9109519884322491
mixed_tasks_same_doc-cache_aware-copy_on_write-seed11-1781443370414,mixed_tasks_same_doc,cache_aware,copy_on_write,25.0,46,19.160275691170085,17.433798646855095,0.9098928913058059
mixed_tasks_same_doc-cache_aware-copy_on_write-seed11-1781443370414,mixed_tasks_same_doc,cache_aware,copy_on_write,50.0,46,19.160275691170085,17.433798646855095,0.9098928913058059
mixed_tasks_same_doc-cache_aware-copy_on_write-seed11-1781443370414,mixed_tasks_same_doc,cache_aware,copy_on_write,100.0,48,19.993331156003567,18.191789892370537,0.9098928913058059
mixed_tasks_same_doc-cache_aware-copy_on_write-seed11-1781443370414,mixed_tasks_same_doc,cache_aware,copy_on_write,150.0,48,19.993331156003567,18.191789892370537,0.9098928913058059
mixed_tasks_same_doc-cache_aware-copy_on_write-seed11-1781443370414,mixed_tasks_same_doc,cache_aware,copy_on_write,250.0,48,19.993331156003567,18.191789892370537,0.9098928913058059
mixed_tasks_same_doc-cache_aware-copy_on_write-seed11-1781443466812,mixed_tasks_same_doc,cache_aware,copy_on_write,25.0,62,20.058666144442366,18.301494394775116,0.9123983749959312
mixed_tasks_same_doc-cache_aware-copy_on_write-seed11-1781443466812,mixed_tasks_same_doc,cache_aware,copy_on_write,50.0,62,20.058666144442366,18.301494394775116,0.9123983749959312
mixed_tasks_same_doc-cache_aware-copy_on_write-seed11-1781443466812,mixed_tasks_same_doc,cache_aware,copy_on_write,100.0,64,20.70571989103728,18.891865181703345,0.9123983749959312
mixed_tasks_same_doc-cache_aware-copy_on_write-seed11-1781443466812,mixed_tasks_same_doc,cache_aware,copy_on_write,150.0,64,20.70571989103728,18.891865181703345,0.9123983749959312
mixed_tasks_same_doc-cache_aware-copy_on_write-seed11-1781443466812,mixed_tasks_same_doc,cache_aware,copy_on_write,250.0,64,20.70571989103728,18.891865181703345,0.9123983749959312
mixed_tasks_same_doc-cache_aware-copy_on_write-seed11-1781443603033,mixed_tasks_same_doc,cache_aware,copy_on_write,25.0,46,19.160275691170085,17.433798646855095,0.9098928913058059
mixed_tasks_same_doc-cache_aware-copy_on_write-seed11-1781443603033,mixed_tasks_same_doc,cache_aware,copy_on_write,50.0,46,19.160275691170085,17.433798646855095,0.9098928913058059
mixed_tasks_same_doc-cache_aware-copy_on_write-seed11-1781443603033,mixed_tasks_same_doc,cache_aware,copy_on_write,100.0,48,19.993331156003567,18.191789892370537,0.9098928913058059
mixed_tasks_same_doc-cache_aware-copy_on_write-seed11-1781443603033,mixed_tasks_same_doc,cache_aware,copy_on_write,150.0,48,19.993331156003567,18.191789892370537,0.9098928913058059
mixed_tasks_same_doc-cache_aware-copy_on_write-seed11-1781443603033,mixed_tasks_same_doc,cache_aware,copy_on_write,250.0,48,19.993331156003567,18.191789892370537,0.9098928913058059
mixed_tasks_same_doc-cache_aware-copy_on_write-seed17-1781443468012,mixed_tasks_same_doc,cache_aware,copy_on_write,25.0,62,19.87317417068088,18.10350752724216,0.9109519884322491
mixed_tasks_same_doc-cache_aware-copy_on_write-seed17-1781443468012,mixed_tasks_same_doc,cache_aware,copy_on_write,50.0,62,19.87317417068088,18.10350752724216,0.9109519884322491
mixed_tasks_same_doc-cache_aware-copy_on_write-seed17-1781443468012,mixed_tasks_same_doc,cache_aware,copy_on_write,100.0,64,20.514244305218973,18.687491641024167,0.9109519884322491
mixed_tasks_same_doc-cache_aware-copy_on_write-seed17-1781443468012,mixed_tasks_same_doc,cache_aware,copy_on_write,150.0,64,20.514244305218973,18.687491641024167,0.9109519884322491
mixed_tasks_same_doc-cache_aware-copy_on_write-seed17-1781443468012,mixed_tasks_same_doc,cache_aware,copy_on_write,250.0,64,20.514244305218973,18.687491641024167,0.9109519884322491
mixed_tasks_same_doc-cache_aware-copy_on_write-seed17-1781443604589,mixed_tasks_same_doc,cache_aware,copy_on_write,25.0,46,19.043863979275304,17.305493821753842,0.9087175712127925
mixed_tasks_same_doc-cache_aware-copy_on_write-seed17-1781443604589,mixed_tasks_same_doc,cache_aware,copy_on_write,50.0,46,19.043863979275304,17.305493821753842,0.9087175712127925
mixed_tasks_same_doc-cache_aware-copy_on_write-seed17-1781443604589,mixed_tasks_same_doc,cache_aware,copy_on_write,100.0,48,19.871858065330752,18.057906596612703,0.9087175712127925
mixed_tasks_same_doc-cache_aware-copy_on_write-seed17-1781443604589,mixed_tasks_same_doc,cache_aware,copy_on_write,150.0,48,19.871858065330752,18.057906596612703,0.9087175712127925
mixed_tasks_same_doc-cache_aware-copy_on_write-seed17-1781443604589,mixed_tasks_same_doc,cache_aware,copy_on_write,250.0,48,19.871858065330752,18.057906596612703,0.9087175712127925
mixed_tasks_same_doc-cache_aware-copy_on_write-seed23-1781443606152,mixed_tasks_same_doc,cache_aware,copy_on_write,25.0,46,18.72799973312888,16.99639085321223,0.9075390375591729
mixed_tasks_same_doc-cache_aware-copy_on_write-seed23-1781443606152,mixed_tasks_same_doc,cache_aware,copy_on_write,50.0,46,18.72799973312888,16.99639085321223,0.9075390375591729
mixed_tasks_same_doc-cache_aware-copy_on_write-seed23-1781443606152,mixed_tasks_same_doc,cache_aware,copy_on_write,100.0,48,19.542260591091004,17.735364368569282,0.9075390375591729
mixed_tasks_same_doc-cache_aware-copy_on_write-seed23-1781443606152,mixed_tasks_same_doc,cache_aware,copy_on_write,150.0,48,19.542260591091004,17.735364368569282,0.9075390375591729
mixed_tasks_same_doc-cache_aware-copy_on_write-seed23-1781443606152,mixed_tasks_same_doc,cache_aware,copy_on_write,250.0,48,19.542260591091004,17.735364368569282,0.9075390375591729
mixed_tasks_same_doc-cache_aware-standard_lora-seed11-1781443357154,mixed_tasks_same_doc,cache_aware,standard_lora,25.0,46,19.25415512902879,13.177853839482836,0.6844161040135729
mixed_tasks_same_doc-cache_aware-standard_lora-seed11-1781443357154,mixed_tasks_same_doc,cache_aware,standard_lora,50.0,46,19.25415512902879,13.177853839482836,0.6844161040135729
mixed_tasks_same_doc-cache_aware-standard_lora-seed11-1781443357154,mixed_tasks_same_doc,cache_aware,standard_lora,100.0,48,20.09129230855178,13.750804006416871,0.6844161040135729
mixed_tasks_same_doc-cache_aware-standard_lora-seed11-1781443357154,mixed_tasks_same_doc,cache_aware,standard_lora,150.0,48,20.09129230855178,13.750804006416871,0.6844161040135729
mixed_tasks_same_doc-cache_aware-standard_lora-seed11-1781443357154,mixed_tasks_same_doc,cache_aware,standard_lora,250.0,48,20.09129230855178,13.750804006416871,0.6844161040135729
mixed_tasks_same_doc-cache_aware-standard_lora-seed11-1781443446127,mixed_tasks_same_doc,cache_aware,standard_lora,25.0,62,20.294549745727636,13.965154979360314,0.6881234200478001
mixed_tasks_same_doc-cache_aware-standard_lora-seed11-1781443446127,mixed_tasks_same_doc,cache_aware,standard_lora,50.0,62,20.294549745727636,13.965154979360314,0.6881234200478001
mixed_tasks_same_doc-cache_aware-standard_lora-seed11-1781443446127,mixed_tasks_same_doc,cache_aware,standard_lora,100.0,64,20.949212640751107,14.415643849662258,0.6881234200478001
mixed_tasks_same_doc-cache_aware-standard_lora-seed11-1781443446127,mixed_tasks_same_doc,cache_aware,standard_lora,150.0,64,20.949212640751107,14.415643849662258,0.6881234200478001
mixed_tasks_same_doc-cache_aware-standard_lora-seed11-1781443446127,mixed_tasks_same_doc,cache_aware,standard_lora,250.0,64,20.949212640751107,14.415643849662258,0.6881234200478001
mixed_tasks_same_doc-cache_aware-standard_lora-seed11-1781443576788,mixed_tasks_same_doc,cache_aware,standard_lora,25.0,46,19.25415512902879,13.177853839482836,0.6844161040135729
mixed_tasks_same_doc-cache_aware-standard_lora-seed11-1781443576788,mixed_tasks_same_doc,cache_aware,standard_lora,50.0,46,19.25415512902879,13.177853839482836,0.6844161040135729
mixed_tasks_same_doc-cache_aware-standard_lora-seed11-1781443576788,mixed_tasks_same_doc,cache_aware,standard_lora,100.0,48,20.09129230855178,13.750804006416871,0.6844161040135729
mixed_tasks_same_doc-cache_aware-standard_lora-seed11-1781443576788,mixed_tasks_same_doc,cache_aware,standard_lora,150.0,48,20.09129230855178,13.750804006416871,0.6844161040135729
mixed_tasks_same_doc-cache_aware-standard_lora-seed11-1781443576788,mixed_tasks_same_doc,cache_aware,standard_lora,250.0,48,20.09129230855178,13.750804006416871,0.6844161040135729
mixed_tasks_same_doc-cache_aware-standard_lora-seed17-1781443447267,mixed_tasks_same_doc,cache_aware,standard_lora,25.0,62,19.738643057749833,13.609488221453852,0.6894844889608793
mixed_tasks_same_doc-cache_aware-standard_lora-seed17-1781443447267,mixed_tasks_same_doc,cache_aware,standard_lora,50.0,62,19.738643057749833,13.609488221453852,0.6894844889608793
mixed_tasks_same_doc-cache_aware-standard_lora-seed17-1781443447267,mixed_tasks_same_doc,cache_aware,standard_lora,100.0,64,20.375373478967568,14.048503970533007,0.6894844889608793
mixed_tasks_same_doc-cache_aware-standard_lora-seed17-1781443447267,mixed_tasks_same_doc,cache_aware,standard_lora,150.0,64,20.375373478967568,14.048503970533007,0.6894844889608793
mixed_tasks_same_doc-cache_aware-standard_lora-seed17-1781443447267,mixed_tasks_same_doc,cache_aware,standard_lora,250.0,64,20.375373478967568,14.048503970533007,0.6894844889608793
mixed_tasks_same_doc-cache_aware-standard_lora-seed17-1781443578215,mixed_tasks_same_doc,cache_aware,standard_lora,25.0,46,18.77920580293483,12.91811106055168,0.6878944294083421
mixed_tasks_same_doc-cache_aware-standard_lora-seed17-1781443578215,mixed_tasks_same_doc,cache_aware,standard_lora,50.0,46,18.77920580293483,12.91811106055168,0.6878944294083421
mixed_tasks_same_doc-cache_aware-standard_lora-seed17-1781443578215,mixed_tasks_same_doc,cache_aware,standard_lora,100.0,48,19.595693011758083,13.479768063184364,0.6878944294083421
mixed_tasks_same_doc-cache_aware-standard_lora-seed17-1781443578215,mixed_tasks_same_doc,cache_aware,standard_lora,150.0,48,19.595693011758083,13.479768063184364,0.6878944294083421
mixed_tasks_same_doc-cache_aware-standard_lora-seed17-1781443578215,mixed_tasks_same_doc,cache_aware,standard_lora,250.0,48,19.595693011758083,13.479768063184364,0.6878944294083421
mixed_tasks_same_doc-cache_aware-standard_lora-seed23-1781443579668,mixed_tasks_same_doc,cache_aware,standard_lora,25.0,46,19.583628802236564,13.342654412256714,0.6813167542643018
mixed_tasks_same_doc-cache_aware-standard_lora-seed23-1781443579668,mixed_tasks_same_doc,cache_aware,standard_lora,50.0,46,19.583628802236564,13.342654412256714,0.6813167542643018
mixed_tasks_same_doc-cache_aware-standard_lora-seed23-1781443579668,mixed_tasks_same_doc,cache_aware,standard_lora,100.0,48,20.435090924072938,13.922769821485266,0.6813167542643018
mixed_tasks_same_doc-cache_aware-standard_lora-seed23-1781443579668,mixed_tasks_same_doc,cache_aware,standard_lora,150.0,48,20.435090924072938,13.922769821485266,0.6813167542643018
mixed_tasks_same_doc-cache_aware-standard_lora-seed23-1781443579668,mixed_tasks_same_doc,cache_aware,standard_lora,250.0,48,20.435090924072938,13.922769821485266,0.6813167542643018
mixed_tasks_same_doc-multitask-activated_lora-seed11-1781443333467,mixed_tasks_same_doc,multitask,activated_lora,25.0,46,20.216097706709448,16.248971051405892,0.803763974983811
mixed_tasks_same_doc-multitask-activated_lora-seed11-1781443333467,mixed_tasks_same_doc,multitask,activated_lora,50.0,46,20.216097706709448,16.248971051405892,0.803763974983811
mixed_tasks_same_doc-multitask-activated_lora-seed11-1781443333467,mixed_tasks_same_doc,multitask,activated_lora,100.0,48,21.09505847656638,16.95544805364093,0.803763974983811
mixed_tasks_same_doc-multitask-activated_lora-seed11-1781443333467,mixed_tasks_same_doc,multitask,activated_lora,150.0,48,21.09505847656638,16.95544805364093,0.803763974983811
mixed_tasks_same_doc-multitask-activated_lora-seed11-1781443333467,mixed_tasks_same_doc,multitask,activated_lora,250.0,48,21.09505847656638,16.95544805364093,0.803763974983811
mixed_tasks_same_doc-multitask-activated_lora-seed11-1781443433012,mixed_tasks_same_doc,multitask,activated_lora,25.0,62,20.409985811988147,16.374081429785385,0.8022583445485687
mixed_tasks_same_doc-multitask-activated_lora-seed11-1781443433012,mixed_tasks_same_doc,multitask,activated_lora,50.0,62,20.409985811988147,16.374081429785385,0.8022583445485687
mixed_tasks_same_doc-multitask-activated_lora-seed11-1781443433012,mixed_tasks_same_doc,multitask,activated_lora,100.0,64,21.06837245108454,16.90227760493975,0.8022583445485687
mixed_tasks_same_doc-multitask-activated_lora-seed11-1781443433012,mixed_tasks_same_doc,multitask,activated_lora,150.0,64,21.06837245108454,16.90227760493975,0.8022583445485687
mixed_tasks_same_doc-multitask-activated_lora-seed11-1781443433012,mixed_tasks_same_doc,multitask,activated_lora,250.0,64,21.06837245108454,16.90227760493975,0.8022583445485687
mixed_tasks_same_doc-multitask-activated_lora-seed11-1781443551475,mixed_tasks_same_doc,multitask,activated_lora,25.0,46,20.216097706709448,16.248971051405892,0.803763974983811
mixed_tasks_same_doc-multitask-activated_lora-seed11-1781443551475,mixed_tasks_same_doc,multitask,activated_lora,50.0,46,20.216097706709448,16.248971051405892,0.803763974983811
mixed_tasks_same_doc-multitask-activated_lora-seed11-1781443551475,mixed_tasks_same_doc,multitask,activated_lora,100.0,48,21.09505847656638,16.95544805364093,0.803763974983811
mixed_tasks_same_doc-multitask-activated_lora-seed11-1781443551475,mixed_tasks_same_doc,multitask,activated_lora,150.0,48,21.09505847656638,16.95544805364093,0.803763974983811
mixed_tasks_same_doc-multitask-activated_lora-seed11-1781443551475,mixed_tasks_same_doc,multitask,activated_lora,250.0,48,21.09505847656638,16.95544805364093,0.803763974983811
mixed_tasks_same_doc-multitask-activated_lora-seed17-1781443434120,mixed_tasks_same_doc,multitask,activated_lora,25.0,62,19.344466027359008,15.437254284674308,0.7980191473283003
mixed_tasks_same_doc-multitask-activated_lora-seed17-1781443434120,mixed_tasks_same_doc,multitask,activated_lora,50.0,62,19.344466027359008,15.437254284674308,0.7980191473283003
mixed_tasks_same_doc-multitask-activated_lora-seed17-1781443434120,mixed_tasks_same_doc,multitask,activated_lora,100.0,64,19.96848106049962,15.93523022934122,0.7980191473283003
mixed_tasks_same_doc-multitask-activated_lora-seed17-1781443434120,mixed_tasks_same_doc,multitask,activated_lora,150.0,64,19.96848106049962,15.93523022934122,0.7980191473283003
mixed_tasks_same_doc-multitask-activated_lora-seed17-1781443434120,mixed_tasks_same_doc,multitask,activated_lora,250.0,64,19.96848106049962,15.93523022934122,0.7980191473283003
mixed_tasks_same_doc-multitask-activated_lora-seed17-1781443552855,mixed_tasks_same_doc,multitask,activated_lora,25.0,46,19.128520626464844,15.174231810878078,0.7932778549473452
mixed_tasks_same_doc-multitask-activated_lora-seed17-1781443552855,mixed_tasks_same_doc,multitask,activated_lora,50.0,46,19.128520626464844,15.174231810878078,0.7932778549473452
mixed_tasks_same_doc-multitask-activated_lora-seed17-1781443552855,mixed_tasks_same_doc,multitask,activated_lora,100.0,48,19.960195436311142,15.833981020046691,0.7932778549473452
mixed_tasks_same_doc-multitask-activated_lora-seed17-1781443552855,mixed_tasks_same_doc,multitask,activated_lora,150.0,48,19.960195436311142,15.833981020046691,0.7932778549473452
mixed_tasks_same_doc-multitask-activated_lora-seed17-1781443552855,mixed_tasks_same_doc,multitask,activated_lora,250.0,48,19.960195436311142,15.833981020046691,0.7932778549473452
mixed_tasks_same_doc-multitask-activated_lora-seed23-1781443554249,mixed_tasks_same_doc,multitask,activated_lora,25.0,46,20.40853421239508,16.292167715974486,0.7983017078257131
mixed_tasks_same_doc-multitask-activated_lora-seed23-1781443554249,mixed_tasks_same_doc,multitask,activated_lora,50.0,46,20.40853421239508,16.292167715974486,0.7983017078257131
mixed_tasks_same_doc-multitask-activated_lora-seed23-1781443554249,mixed_tasks_same_doc,multitask,activated_lora,100.0,48,21.295861786847038,17.00052283406033,0.7983017078257131
mixed_tasks_same_doc-multitask-activated_lora-seed23-1781443554249,mixed_tasks_same_doc,multitask,activated_lora,150.0,48,21.295861786847038,17.00052283406033,0.7983017078257131
mixed_tasks_same_doc-multitask-activated_lora-seed23-1781443554249,mixed_tasks_same_doc,multitask,activated_lora,250.0,48,21.295861786847038,17.00052283406033,0.7983017078257131
mixed_tasks_same_doc-multitask-base_shared-seed11-1781443329800,mixed_tasks_same_doc,multitask,base_shared,25.0,46,20.07406099425881,16.134807058812935,0.803763974983811
mixed_tasks_same_doc-multitask-base_shared-seed11-1781443329800,mixed_tasks_same_doc,multitask,base_shared,50.0,46,20.07406099425881,16.134807058812935,0.803763974983811
mixed_tasks_same_doc-multitask-base_shared-seed11-1781443329800,mixed_tasks_same_doc,multitask,base_shared,100.0,48,20.94684625487876,16.83632040919611,0.803763974983811
mixed_tasks_same_doc-multitask-base_shared-seed11-1781443329800,mixed_tasks_same_doc,multitask,base_shared,150.0,48,20.94684625487876,16.83632040919611,0.803763974983811
mixed_tasks_same_doc-multitask-base_shared-seed11-1781443329800,mixed_tasks_same_doc,multitask,base_shared,250.0,48,20.94684625487876,16.83632040919611,0.803763974983811
mixed_tasks_same_doc-multitask-base_shared-seed11-1781443426636,mixed_tasks_same_doc,multitask,base_shared,25.0,62,20.528246640972448,16.468957166671274,0.8022583445485687
mixed_tasks_same_doc-multitask-base_shared-seed11-1781443426636,mixed_tasks_same_doc,multitask,base_shared,50.0,62,20.528246640972448,16.468957166671274,0.8022583445485687
mixed_tasks_same_doc-multitask-base_shared-seed11-1781443426636,mixed_tasks_same_doc,multitask,base_shared,100.0,64,21.190448145519948,17.000213849467123,0.8022583445485687
mixed_tasks_same_doc-multitask-base_shared-seed11-1781443426636,mixed_tasks_same_doc,multitask,base_shared,150.0,64,21.190448145519948,17.000213849467123,0.8022583445485687
mixed_tasks_same_doc-multitask-base_shared-seed11-1781443426636,mixed_tasks_same_doc,multitask,base_shared,250.0,64,21.190448145519948,17.000213849467123,0.8022583445485687
mixed_tasks_same_doc-multitask-base_shared-seed17-1781443427698,mixed_tasks_same_doc,multitask,base_shared,25.0,62,19.450669239949786,15.522006481829527,0.7980191473283003
mixed_tasks_same_doc-multitask-base_shared-seed17-1781443427698,mixed_tasks_same_doc,multitask,base_shared,50.0,62,19.450669239949786,15.522006481829527,0.7980191473283003
mixed_tasks_same_doc-multitask-base_shared-seed17-1781443427698,mixed_tasks_same_doc,multitask,base_shared,100.0,64,20.07811018317397,16.022716368340152,0.7980191473283003
mixed_tasks_same_doc-multitask-base_shared-seed17-1781443427698,mixed_tasks_same_doc,multitask,base_shared,150.0,64,20.07811018317397,16.022716368340152,0.7980191473283003
mixed_tasks_same_doc-multitask-base_shared-seed17-1781443427698,mixed_tasks_same_doc,multitask,base_shared,250.0,64,20.07811018317397,16.022716368340152,0.7980191473283003
mixed_tasks_same_doc-multitask-copy_on_write-seed11-1781443337163,mixed_tasks_same_doc,multitask,copy_on_write,25.0,46,20.07406099425881,16.134807058812935,0.803763974983811
mixed_tasks_same_doc-multitask-copy_on_write-seed11-1781443337163,mixed_tasks_same_doc,multitask,copy_on_write,50.0,46,20.07406099425881,16.134807058812935,0.803763974983811
mixed_tasks_same_doc-multitask-copy_on_write-seed11-1781443337163,mixed_tasks_same_doc,multitask,copy_on_write,100.0,48,20.94684625487876,16.83632040919611,0.803763974983811
mixed_tasks_same_doc-multitask-copy_on_write-seed11-1781443337163,mixed_tasks_same_doc,multitask,copy_on_write,150.0,48,20.94684625487876,16.83632040919611,0.803763974983811
mixed_tasks_same_doc-multitask-copy_on_write-seed11-1781443337163,mixed_tasks_same_doc,multitask,copy_on_write,250.0,48,20.94684625487876,16.83632040919611,0.803763974983811
mixed_tasks_same_doc-multitask-copy_on_write-seed11-1781443439546,mixed_tasks_same_doc,multitask,copy_on_write,25.0,62,20.528246640972448,16.468957166671274,0.8022583445485687
mixed_tasks_same_doc-multitask-copy_on_write-seed11-1781443439546,mixed_tasks_same_doc,multitask,copy_on_write,50.0,62,20.528246640972448,16.468957166671274,0.8022583445485687
mixed_tasks_same_doc-multitask-copy_on_write-seed11-1781443439546,mixed_tasks_same_doc,multitask,copy_on_write,100.0,64,21.190448145519948,17.000213849467123,0.8022583445485687
mixed_tasks_same_doc-multitask-copy_on_write-seed11-1781443439546,mixed_tasks_same_doc,multitask,copy_on_write,150.0,64,21.190448145519948,17.000213849467123,0.8022583445485687
mixed_tasks_same_doc-multitask-copy_on_write-seed11-1781443439546,mixed_tasks_same_doc,multitask,copy_on_write,250.0,64,21.190448145519948,17.000213849467123,0.8022583445485687
mixed_tasks_same_doc-multitask-copy_on_write-seed11-1781443564038,mixed_tasks_same_doc,multitask,copy_on_write,25.0,46,20.07406099425881,16.134807058812935,0.803763974983811
mixed_tasks_same_doc-multitask-copy_on_write-seed11-1781443564038,mixed_tasks_same_doc,multitask,copy_on_write,50.0,46,20.07406099425881,16.134807058812935,0.803763974983811
mixed_tasks_same_doc-multitask-copy_on_write-seed11-1781443564038,mixed_tasks_same_doc,multitask,copy_on_write,100.0,48,20.94684625487876,16.83632040919611,0.803763974983811
mixed_tasks_same_doc-multitask-copy_on_write-seed11-1781443564038,mixed_tasks_same_doc,multitask,copy_on_write,150.0,48,20.94684625487876,16.83632040919611,0.803763974983811
mixed_tasks_same_doc-multitask-copy_on_write-seed11-1781443564038,mixed_tasks_same_doc,multitask,copy_on_write,250.0,48,20.94684625487876,16.83632040919611,0.803763974983811
mixed_tasks_same_doc-multitask-copy_on_write-seed17-1781443440664,mixed_tasks_same_doc,multitask,copy_on_write,25.0,62,19.450669239949786,15.522006481829527,0.7980191473283003
mixed_tasks_same_doc-multitask-copy_on_write-seed17-1781443440664,mixed_tasks_same_doc,multitask,copy_on_write,50.0,62,19.450669239949786,15.522006481829527,0.7980191473283003
mixed_tasks_same_doc-multitask-copy_on_write-seed17-1781443440664,mixed_tasks_same_doc,multitask,copy_on_write,100.0,64,20.07811018317397,16.022716368340152,0.7980191473283003
mixed_tasks_same_doc-multitask-copy_on_write-seed17-1781443440664,mixed_tasks_same_doc,multitask,copy_on_write,150.0,64,20.07811018317397,16.022716368340152,0.7980191473283003
mixed_tasks_same_doc-multitask-copy_on_write-seed17-1781443440664,mixed_tasks_same_doc,multitask,copy_on_write,250.0,64,20.07811018317397,16.022716368340152,0.7980191473283003
mixed_tasks_same_doc-multitask-copy_on_write-seed17-1781443565462,mixed_tasks_same_doc,multitask,copy_on_write,25.0,46,19.00130721253418,15.073316226754631,0.7932778549473452
mixed_tasks_same_doc-multitask-copy_on_write-seed17-1781443565462,mixed_tasks_same_doc,multitask,copy_on_write,50.0,46,19.00130721253418,15.073316226754631,0.7932778549473452
mixed_tasks_same_doc-multitask-copy_on_write-seed17-1781443565462,mixed_tasks_same_doc,multitask,copy_on_write,100.0,48,19.82745100438349,15.72867780183092,0.7932778549473452
mixed_tasks_same_doc-multitask-copy_on_write-seed17-1781443565462,mixed_tasks_same_doc,multitask,copy_on_write,150.0,48,19.82745100438349,15.72867780183092,0.7932778549473452
mixed_tasks_same_doc-multitask-copy_on_write-seed17-1781443565462,mixed_tasks_same_doc,multitask,copy_on_write,250.0,48,19.82745100438349,15.72867780183092,0.7932778549473452
mixed_tasks_same_doc-multitask-copy_on_write-seed23-1781443566882,mixed_tasks_same_doc,multitask,copy_on_write,25.0,46,20.26379022278302,16.17661834186967,0.7983017078257131
mixed_tasks_same_doc-multitask-copy_on_write-seed23-1781443566882,mixed_tasks_same_doc,multitask,copy_on_write,50.0,46,20.26379022278302,16.17661834186967,0.7983017078257131
mixed_tasks_same_doc-multitask-copy_on_write-seed23-1781443566882,mixed_tasks_same_doc,multitask,copy_on_write,100.0,48,21.144824580295325,16.879949574124876,0.7983017078257131
mixed_tasks_same_doc-multitask-copy_on_write-seed23-1781443566882,mixed_tasks_same_doc,multitask,copy_on_write,150.0,48,21.144824580295325,16.879949574124876,0.7983017078257131
mixed_tasks_same_doc-multitask-copy_on_write-seed23-1781443566882,mixed_tasks_same_doc,multitask,copy_on_write,250.0,48,21.144824580295325,16.879949574124876,0.7983017078257131
mixed_tasks_same_doc-multitask-standard_lora-seed11-1781443326233,mixed_tasks_same_doc,multitask,standard_lora,25.0,46,20.07406099425881,16.134807058812935,0.803763974983811
mixed_tasks_same_doc-multitask-standard_lora-seed11-1781443326233,mixed_tasks_same_doc,multitask,standard_lora,50.0,46,20.07406099425881,16.134807058812935,0.803763974983811
mixed_tasks_same_doc-multitask-standard_lora-seed11-1781443326233,mixed_tasks_same_doc,multitask,standard_lora,100.0,48,20.94684625487876,16.83632040919611,0.803763974983811
mixed_tasks_same_doc-multitask-standard_lora-seed11-1781443326233,mixed_tasks_same_doc,multitask,standard_lora,150.0,48,20.94684625487876,16.83632040919611,0.803763974983811
mixed_tasks_same_doc-multitask-standard_lora-seed11-1781443326233,mixed_tasks_same_doc,multitask,standard_lora,250.0,48,20.94684625487876,16.83632040919611,0.803763974983811
mixed_tasks_same_doc-multitask-standard_lora-seed11-1781443420213,mixed_tasks_same_doc,multitask,standard_lora,25.0,62,20.528246640972448,16.468957166671274,0.8022583445485687
mixed_tasks_same_doc-multitask-standard_lora-seed11-1781443420213,mixed_tasks_same_doc,multitask,standard_lora,50.0,62,20.528246640972448,16.468957166671274,0.8022583445485687
mixed_tasks_same_doc-multitask-standard_lora-seed11-1781443420213,mixed_tasks_same_doc,multitask,standard_lora,100.0,64,21.190448145519948,17.000213849467123,0.8022583445485687
mixed_tasks_same_doc-multitask-standard_lora-seed11-1781443420213,mixed_tasks_same_doc,multitask,standard_lora,150.0,64,21.190448145519948,17.000213849467123,0.8022583445485687
mixed_tasks_same_doc-multitask-standard_lora-seed11-1781443420213,mixed_tasks_same_doc,multitask,standard_lora,250.0,64,21.190448145519948,17.000213849467123,0.8022583445485687
mixed_tasks_same_doc-multitask-standard_lora-seed11-1781443539380,mixed_tasks_same_doc,multitask,standard_lora,25.0,46,20.07406099425881,16.134807058812935,0.803763974983811
mixed_tasks_same_doc-multitask-standard_lora-seed11-1781443539380,mixed_tasks_same_doc,multitask,standard_lora,50.0,46,20.07406099425881,16.134807058812935,0.803763974983811
mixed_tasks_same_doc-multitask-standard_lora-seed11-1781443539380,mixed_tasks_same_doc,multitask,standard_lora,100.0,48,20.94684625487876,16.83632040919611,0.803763974983811
mixed_tasks_same_doc-multitask-standard_lora-seed11-1781443539380,mixed_tasks_same_doc,multitask,standard_lora,150.0,48,20.94684625487876,16.83632040919611,0.803763974983811
mixed_tasks_same_doc-multitask-standard_lora-seed11-1781443539380,mixed_tasks_same_doc,multitask,standard_lora,250.0,48,20.94684625487876,16.83632040919611,0.803763974983811
mixed_tasks_same_doc-multitask-standard_lora-seed17-1781443421313,mixed_tasks_same_doc,multitask,standard_lora,25.0,62,19.450669239949786,15.522006481829527,0.7980191473283003
mixed_tasks_same_doc-multitask-standard_lora-seed17-1781443421313,mixed_tasks_same_doc,multitask,standard_lora,50.0,62,19.450669239949786,15.522006481829527,0.7980191473283003
mixed_tasks_same_doc-multitask-standard_lora-seed17-1781443421313,mixed_tasks_same_doc,multitask,standard_lora,100.0,64,20.07811018317397,16.022716368340152,0.7980191473283003
mixed_tasks_same_doc-multitask-standard_lora-seed17-1781443421313,mixed_tasks_same_doc,multitask,standard_lora,150.0,64,20.07811018317397,16.022716368340152,0.7980191473283003
mixed_tasks_same_doc-multitask-standard_lora-seed17-1781443421313,mixed_tasks_same_doc,multitask,standard_lora,250.0,64,20.07811018317397,16.022716368340152,0.7980191473283003
mixed_tasks_same_doc-multitask-standard_lora-seed17-1781443540698,mixed_tasks_same_doc,multitask,standard_lora,25.0,46,19.00130721253418,15.073316226754631,0.7932778549473452
mixed_tasks_same_doc-multitask-standard_lora-seed17-1781443540698,mixed_tasks_same_doc,multitask,standard_lora,50.0,46,19.00130721253418,15.073316226754631,0.7932778549473452
mixed_tasks_same_doc-multitask-standard_lora-seed17-1781443540698,mixed_tasks_same_doc,multitask,standard_lora,100.0,48,19.82745100438349,15.72867780183092,0.7932778549473452
mixed_tasks_same_doc-multitask-standard_lora-seed17-1781443540698,mixed_tasks_same_doc,multitask,standard_lora,150.0,48,19.82745100438349,15.72867780183092,0.7932778549473452
mixed_tasks_same_doc-multitask-standard_lora-seed17-1781443540698,mixed_tasks_same_doc,multitask,standard_lora,250.0,48,19.82745100438349,15.72867780183092,0.7932778549473452
mixed_tasks_same_doc-multitask-standard_lora-seed23-1781443541991,mixed_tasks_same_doc,multitask,standard_lora,25.0,46,20.26379022278302,16.17661834186967,0.7983017078257131
mixed_tasks_same_doc-multitask-standard_lora-seed23-1781443541991,mixed_tasks_same_doc,multitask,standard_lora,50.0,46,20.26379022278302,16.17661834186967,0.7983017078257131
mixed_tasks_same_doc-multitask-standard_lora-seed23-1781443541991,mixed_tasks_same_doc,multitask,standard_lora,100.0,48,21.144824580295325,16.879949574124876,0.7983017078257131
mixed_tasks_same_doc-multitask-standard_lora-seed23-1781443541991,mixed_tasks_same_doc,multitask,standard_lora,150.0,48,21.144824580295325,16.879949574124876,0.7983017078257131
mixed_tasks_same_doc-multitask-standard_lora-seed23-1781443541991,mixed_tasks_same_doc,multitask,standard_lora,250.0,48,21.144824580295325,16.879949574124876,0.7983017078257131
mixed_tasks_same_doc-oracle-activated_lora-seed11-1781443384525,mixed_tasks_same_doc,oracle,activated_lora,25.0,46,19.289633836974435,17.551500704154975,0.9098928913058059
mixed_tasks_same_doc-oracle-activated_lora-seed11-1781443384525,mixed_tasks_same_doc,oracle,activated_lora,50.0,46,19.289633836974435,17.551500704154975,0.9098928913058059
mixed_tasks_same_doc-oracle-activated_lora-seed11-1781443384525,mixed_tasks_same_doc,oracle,activated_lora,100.0,48,20.1283135690168,18.314609430422582,0.9098928913058059
mixed_tasks_same_doc-oracle-activated_lora-seed11-1781443384525,mixed_tasks_same_doc,oracle,activated_lora,150.0,48,20.1283135690168,18.314609430422582,0.9098928913058059
mixed_tasks_same_doc-oracle-activated_lora-seed11-1781443384525,mixed_tasks_same_doc,oracle,activated_lora,250.0,48,20.1283135690168,18.314609430422582,0.9098928913058059
mixed_tasks_same_doc-oracle-activated_lora-seed11-1781443488230,mixed_tasks_same_doc,oracle,activated_lora,25.0,62,19.945738949677427,18.198459805778736,0.9123983749959312
mixed_tasks_same_doc-oracle-activated_lora-seed11-1781443488230,mixed_tasks_same_doc,oracle,activated_lora,50.0,62,19.945738949677427,18.198459805778736,0.9123983749959312
mixed_tasks_same_doc-oracle-activated_lora-seed11-1781443488230,mixed_tasks_same_doc,oracle,activated_lora,100.0,64,20.58914988353799,18.78550689628773,0.9123983749959312
mixed_tasks_same_doc-oracle-activated_lora-seed11-1781443488230,mixed_tasks_same_doc,oracle,activated_lora,150.0,64,20.58914988353799,18.78550689628773,0.9123983749959312
mixed_tasks_same_doc-oracle-activated_lora-seed11-1781443488230,mixed_tasks_same_doc,oracle,activated_lora,250.0,64,20.58914988353799,18.78550689628773,0.9123983749959312
mixed_tasks_same_doc-oracle-activated_lora-seed11-1781443630085,mixed_tasks_same_doc,oracle,activated_lora,25.0,46,19.289633836974435,17.551500704154975,0.9098928913058059
mixed_tasks_same_doc-oracle-activated_lora-seed11-1781443630085,mixed_tasks_same_doc,oracle,activated_lora,50.0,46,19.289633836974435,17.551500704154975,0.9098928913058059
mixed_tasks_same_doc-oracle-activated_lora-seed11-1781443630085,mixed_tasks_same_doc,oracle,activated_lora,100.0,48,20.1283135690168,18.314609430422582,0.9098928913058059
mixed_tasks_same_doc-oracle-activated_lora-seed11-1781443630085,mixed_tasks_same_doc,oracle,activated_lora,150.0,48,20.1283135690168,18.314609430422582,0.9098928913058059
mixed_tasks_same_doc-oracle-activated_lora-seed11-1781443630085,mixed_tasks_same_doc,oracle,activated_lora,250.0,48,20.1283135690168,18.314609430422582,0.9098928913058059
mixed_tasks_same_doc-oracle-activated_lora-seed17-1781443489481,mixed_tasks_same_doc,oracle,activated_lora,25.0,62,19.762320129966483,18.00252481842763,0.9109519884322491
mixed_tasks_same_doc-oracle-activated_lora-seed17-1781443489481,mixed_tasks_same_doc,oracle,activated_lora,50.0,62,19.762320129966483,18.00252481842763,0.9109519884322491
mixed_tasks_same_doc-oracle-activated_lora-seed17-1781443489481,mixed_tasks_same_doc,oracle,activated_lora,100.0,64,20.39981432770734,18.583251425473687,0.9109519884322491
mixed_tasks_same_doc-oracle-activated_lora-seed17-1781443489481,mixed_tasks_same_doc,oracle,activated_lora,150.0,64,20.39981432770734,18.583251425473687,0.9109519884322491
mixed_tasks_same_doc-oracle-activated_lora-seed17-1781443489481,mixed_tasks_same_doc,oracle,activated_lora,250.0,64,20.39981432770734,18.583251425473687,0.9109519884322491
mixed_tasks_same_doc-oracle-activated_lora-seed17-1781443631592,mixed_tasks_same_doc,oracle,activated_lora,25.0,46,19.171649781016093,17.421615025147208,0.9087175712127925
mixed_tasks_same_doc-oracle-activated_lora-seed17-1781443631592,mixed_tasks_same_doc,oracle,activated_lora,50.0,46,19.171649781016093,17.421615025147208,0.9087175712127925
mixed_tasks_same_doc-oracle-activated_lora-seed17-1781443631592,mixed_tasks_same_doc,oracle,activated_lora,100.0,48,20.005199771495054,18.179076547979697,0.9087175712127925
mixed_tasks_same_doc-oracle-activated_lora-seed17-1781443631592,mixed_tasks_same_doc,oracle,activated_lora,150.0,48,20.005199771495054,18.179076547979697,0.9087175712127925
mixed_tasks_same_doc-oracle-activated_lora-seed17-1781443631592,mixed_tasks_same_doc,oracle,activated_lora,250.0,48,20.005199771495054,18.179076547979697,0.9087175712127925
mixed_tasks_same_doc-oracle-activated_lora-seed23-1781443633110,mixed_tasks_same_doc,oracle,activated_lora,25.0,46,18.851567989223817,17.108533869421496,0.9075390375591729
mixed_tasks_same_doc-oracle-activated_lora-seed23-1781443633110,mixed_tasks_same_doc,oracle,activated_lora,50.0,46,18.851567989223817,17.108533869421496,0.9075390375591729
mixed_tasks_same_doc-oracle-activated_lora-seed23-1781443633110,mixed_tasks_same_doc,oracle,activated_lora,100.0,48,19.671201380059635,17.852383168091993,0.9075390375591729
mixed_tasks_same_doc-oracle-activated_lora-seed23-1781443633110,mixed_tasks_same_doc,oracle,activated_lora,150.0,48,19.671201380059635,17.852383168091993,0.9075390375591729
mixed_tasks_same_doc-oracle-activated_lora-seed23-1781443633110,mixed_tasks_same_doc,oracle,activated_lora,250.0,48,19.671201380059635,17.852383168091993,0.9075390375591729
mixed_tasks_same_doc-oracle-base_shared-seed11-1781443379686,mixed_tasks_same_doc,oracle,base_shared,25.0,46,19.160275691170085,17.433798646855095,0.9098928913058059
mixed_tasks_same_doc-oracle-base_shared-seed11-1781443379686,mixed_tasks_same_doc,oracle,base_shared,50.0,46,19.160275691170085,17.433798646855095,0.9098928913058059
mixed_tasks_same_doc-oracle-base_shared-seed11-1781443379686,mixed_tasks_same_doc,oracle,base_shared,100.0,48,19.993331156003567,18.191789892370537,0.9098928913058059
mixed_tasks_same_doc-oracle-base_shared-seed11-1781443379686,mixed_tasks_same_doc,oracle,base_shared,150.0,48,19.993331156003567,18.191789892370537,0.9098928913058059
mixed_tasks_same_doc-oracle-base_shared-seed11-1781443379686,mixed_tasks_same_doc,oracle,base_shared,250.0,48,19.993331156003567,18.191789892370537,0.9098928913058059
mixed_tasks_same_doc-oracle-base_shared-seed11-1781443480989,mixed_tasks_same_doc,oracle,base_shared,25.0,62,20.058666144442366,18.301494394775116,0.9123983749959312
mixed_tasks_same_doc-oracle-base_shared-seed11-1781443480989,mixed_tasks_same_doc,oracle,base_shared,50.0,62,20.058666144442366,18.301494394775116,0.9123983749959312
mixed_tasks_same_doc-oracle-base_shared-seed11-1781443480989,mixed_tasks_same_doc,oracle,base_shared,100.0,64,20.70571989103728,18.891865181703345,0.9123983749959312
mixed_tasks_same_doc-oracle-base_shared-seed11-1781443480989,mixed_tasks_same_doc,oracle,base_shared,150.0,64,20.70571989103728,18.891865181703345,0.9123983749959312
mixed_tasks_same_doc-oracle-base_shared-seed11-1781443480989,mixed_tasks_same_doc,oracle,base_shared,250.0,64,20.70571989103728,18.891865181703345,0.9123983749959312
mixed_tasks_same_doc-oracle-base_shared-seed17-1781443482186,mixed_tasks_same_doc,oracle,base_shared,25.0,62,19.87317417068088,18.10350752724216,0.9109519884322491
mixed_tasks_same_doc-oracle-base_shared-seed17-1781443482186,mixed_tasks_same_doc,oracle,base_shared,50.0,62,19.87317417068088,18.10350752724216,0.9109519884322491
mixed_tasks_same_doc-oracle-base_shared-seed17-1781443482186,mixed_tasks_same_doc,oracle,base_shared,100.0,64,20.514244305218973,18.687491641024167,0.9109519884322491
mixed_tasks_same_doc-oracle-base_shared-seed17-1781443482186,mixed_tasks_same_doc,oracle,base_shared,150.0,64,20.514244305218973,18.687491641024167,0.9109519884322491
mixed_tasks_same_doc-oracle-base_shared-seed17-1781443482186,mixed_tasks_same_doc,oracle,base_shared,250.0,64,20.514244305218973,18.687491641024167,0.9109519884322491
mixed_tasks_same_doc-oracle-copy_on_write-seed11-1781443389418,mixed_tasks_same_doc,oracle,copy_on_write,25.0,46,19.160275691170085,17.433798646855095,0.9098928913058059
mixed_tasks_same_doc-oracle-copy_on_write-seed11-1781443389418,mixed_tasks_same_doc,oracle,copy_on_write,50.0,46,19.160275691170085,17.433798646855095,0.9098928913058059
mixed_tasks_same_doc-oracle-copy_on_write-seed11-1781443389418,mixed_tasks_same_doc,oracle,copy_on_write,100.0,48,19.993331156003567,18.191789892370537,0.9098928913058059
mixed_tasks_same_doc-oracle-copy_on_write-seed11-1781443389418,mixed_tasks_same_doc,oracle,copy_on_write,150.0,48,19.993331156003567,18.191789892370537,0.9098928913058059
mixed_tasks_same_doc-oracle-copy_on_write-seed11-1781443389418,mixed_tasks_same_doc,oracle,copy_on_write,250.0,48,19.993331156003567,18.191789892370537,0.9098928913058059
mixed_tasks_same_doc-oracle-copy_on_write-seed11-1781443495649,mixed_tasks_same_doc,oracle,copy_on_write,25.0,62,20.058666144442366,18.301494394775116,0.9123983749959312
mixed_tasks_same_doc-oracle-copy_on_write-seed11-1781443495649,mixed_tasks_same_doc,oracle,copy_on_write,50.0,62,20.058666144442366,18.301494394775116,0.9123983749959312
mixed_tasks_same_doc-oracle-copy_on_write-seed11-1781443495649,mixed_tasks_same_doc,oracle,copy_on_write,100.0,64,20.70571989103728,18.891865181703345,0.9123983749959312
mixed_tasks_same_doc-oracle-copy_on_write-seed11-1781443495649,mixed_tasks_same_doc,oracle,copy_on_write,150.0,64,20.70571989103728,18.891865181703345,0.9123983749959312
mixed_tasks_same_doc-oracle-copy_on_write-seed11-1781443495649,mixed_tasks_same_doc,oracle,copy_on_write,250.0,64,20.70571989103728,18.891865181703345,0.9123983749959312
mixed_tasks_same_doc-oracle-copy_on_write-seed11-1781443643654,mixed_tasks_same_doc,oracle,copy_on_write,25.0,46,19.160275691170085,17.433798646855095,0.9098928913058059
mixed_tasks_same_doc-oracle-copy_on_write-seed11-1781443643654,mixed_tasks_same_doc,oracle,copy_on_write,50.0,46,19.160275691170085,17.433798646855095,0.9098928913058059
mixed_tasks_same_doc-oracle-copy_on_write-seed11-1781443643654,mixed_tasks_same_doc,oracle,copy_on_write,100.0,48,19.993331156003567,18.191789892370537,0.9098928913058059
mixed_tasks_same_doc-oracle-copy_on_write-seed11-1781443643654,mixed_tasks_same_doc,oracle,copy_on_write,150.0,48,19.993331156003567,18.191789892370537,0.9098928913058059
mixed_tasks_same_doc-oracle-copy_on_write-seed11-1781443643654,mixed_tasks_same_doc,oracle,copy_on_write,250.0,48,19.993331156003567,18.191789892370537,0.9098928913058059
mixed_tasks_same_doc-oracle-copy_on_write-seed17-1781443496901,mixed_tasks_same_doc,oracle,copy_on_write,25.0,62,19.87317417068088,18.10350752724216,0.9109519884322491
mixed_tasks_same_doc-oracle-copy_on_write-seed17-1781443496901,mixed_tasks_same_doc,oracle,copy_on_write,50.0,62,19.87317417068088,18.10350752724216,0.9109519884322491
mixed_tasks_same_doc-oracle-copy_on_write-seed17-1781443496901,mixed_tasks_same_doc,oracle,copy_on_write,100.0,64,20.514244305218973,18.687491641024167,0.9109519884322491
mixed_tasks_same_doc-oracle-copy_on_write-seed17-1781443496901,mixed_tasks_same_doc,oracle,copy_on_write,150.0,64,20.514244305218973,18.687491641024167,0.9109519884322491
mixed_tasks_same_doc-oracle-copy_on_write-seed17-1781443496901,mixed_tasks_same_doc,oracle,copy_on_write,250.0,64,20.514244305218973,18.687491641024167,0.9109519884322491
mixed_tasks_same_doc-oracle-copy_on_write-seed17-1781443645159,mixed_tasks_same_doc,oracle,copy_on_write,25.0,46,19.043863979275304,17.305493821753842,0.9087175712127925
mixed_tasks_same_doc-oracle-copy_on_write-seed17-1781443645159,mixed_tasks_same_doc,oracle,copy_on_write,50.0,46,19.043863979275304,17.305493821753842,0.9087175712127925
mixed_tasks_same_doc-oracle-copy_on_write-seed17-1781443645159,mixed_tasks_same_doc,oracle,copy_on_write,100.0,48,19.871858065330752,18.057906596612703,0.9087175712127925
mixed_tasks_same_doc-oracle-copy_on_write-seed17-1781443645159,mixed_tasks_same_doc,oracle,copy_on_write,150.0,48,19.871858065330752,18.057906596612703,0.9087175712127925
mixed_tasks_same_doc-oracle-copy_on_write-seed17-1781443645159,mixed_tasks_same_doc,oracle,copy_on_write,250.0,48,19.871858065330752,18.057906596612703,0.9087175712127925
mixed_tasks_same_doc-oracle-copy_on_write-seed23-1781443646678,mixed_tasks_same_doc,oracle,copy_on_write,25.0,46,18.72799973312888,16.99639085321223,0.9075390375591729
mixed_tasks_same_doc-oracle-copy_on_write-seed23-1781443646678,mixed_tasks_same_doc,oracle,copy_on_write,50.0,46,18.72799973312888,16.99639085321223,0.9075390375591729
mixed_tasks_same_doc-oracle-copy_on_write-seed23-1781443646678,mixed_tasks_same_doc,oracle,copy_on_write,100.0,48,19.542260591091004,17.735364368569282,0.9075390375591729
mixed_tasks_same_doc-oracle-copy_on_write-seed23-1781443646678,mixed_tasks_same_doc,oracle,copy_on_write,150.0,48,19.542260591091004,17.735364368569282,0.9075390375591729
mixed_tasks_same_doc-oracle-copy_on_write-seed23-1781443646678,mixed_tasks_same_doc,oracle,copy_on_write,250.0,48,19.542260591091004,17.735364368569282,0.9075390375591729
mixed_tasks_same_doc-oracle-standard_lora-seed11-1781443374967,mixed_tasks_same_doc,oracle,standard_lora,25.0,44,17.51034334243514,15.932536931605677,0.9098928913058059
mixed_tasks_same_doc-oracle-standard_lora-seed11-1781443374967,mixed_tasks_same_doc,oracle,standard_lora,50.0,44,17.51034334243514,15.932536931605677,0.9098928913058059
mixed_tasks_same_doc-oracle-standard_lora-seed11-1781443374967,mixed_tasks_same_doc,oracle,standard_lora,100.0,48,19.102192737201968,17.380949379933465,0.9098928913058059
mixed_tasks_same_doc-oracle-standard_lora-seed11-1781443374967,mixed_tasks_same_doc,oracle,standard_lora,150.0,48,19.102192737201968,17.380949379933465,0.9098928913058059
mixed_tasks_same_doc-oracle-standard_lora-seed11-1781443374967,mixed_tasks_same_doc,oracle,standard_lora,250.0,48,19.102192737201968,17.380949379933465,0.9098928913058059
mixed_tasks_same_doc-oracle-standard_lora-seed11-1781443473850,mixed_tasks_same_doc,oracle,standard_lora,25.0,0,0.0,0.0,0.9123983749959312
mixed_tasks_same_doc-oracle-standard_lora-seed11-1781443473850,mixed_tasks_same_doc,oracle,standard_lora,50.0,0,0.0,0.0,0.9123983749959312
mixed_tasks_same_doc-oracle-standard_lora-seed11-1781443473850,mixed_tasks_same_doc,oracle,standard_lora,100.0,64,8.832296753507864,8.058573205382414,0.9123983749959312
mixed_tasks_same_doc-oracle-standard_lora-seed11-1781443473850,mixed_tasks_same_doc,oracle,standard_lora,150.0,64,8.832296753507864,8.058573205382414,0.9123983749959312
mixed_tasks_same_doc-oracle-standard_lora-seed11-1781443473850,mixed_tasks_same_doc,oracle,standard_lora,250.0,64,8.832296753507864,8.058573205382414,0.9123983749959312
mixed_tasks_same_doc-oracle-standard_lora-seed11-1781443616813,mixed_tasks_same_doc,oracle,standard_lora,25.0,44,17.51034334243514,15.932536931605677,0.9098928913058059
mixed_tasks_same_doc-oracle-standard_lora-seed11-1781443616813,mixed_tasks_same_doc,oracle,standard_lora,50.0,44,17.51034334243514,15.932536931605677,0.9098928913058059
mixed_tasks_same_doc-oracle-standard_lora-seed11-1781443616813,mixed_tasks_same_doc,oracle,standard_lora,100.0,48,19.102192737201968,17.380949379933465,0.9098928913058059
mixed_tasks_same_doc-oracle-standard_lora-seed11-1781443616813,mixed_tasks_same_doc,oracle,standard_lora,150.0,48,19.102192737201968,17.380949379933465,0.9098928913058059
mixed_tasks_same_doc-oracle-standard_lora-seed11-1781443616813,mixed_tasks_same_doc,oracle,standard_lora,250.0,48,19.102192737201968,17.380949379933465,0.9098928913058059
mixed_tasks_same_doc-oracle-standard_lora-seed17-1781443475051,mixed_tasks_same_doc,oracle,standard_lora,25.0,0,0.0,0.0,0.9109519884322491
mixed_tasks_same_doc-oracle-standard_lora-seed17-1781443475051,mixed_tasks_same_doc,oracle,standard_lora,50.0,0,0.0,0.0,0.9109519884322491
mixed_tasks_same_doc-oracle-standard_lora-seed17-1781443475051,mixed_tasks_same_doc,oracle,standard_lora,100.0,64,8.797270864636811,8.013891386917994,0.9109519884322491
mixed_tasks_same_doc-oracle-standard_lora-seed17-1781443475051,mixed_tasks_same_doc,oracle,standard_lora,150.0,64,8.797270864636811,8.013891386917994,0.9109519884322491
mixed_tasks_same_doc-oracle-standard_lora-seed17-1781443475051,mixed_tasks_same_doc,oracle,standard_lora,250.0,64,8.797270864636811,8.013891386917994,0.9109519884322491
mixed_tasks_same_doc-oracle-standard_lora-seed17-1781443618259,mixed_tasks_same_doc,oracle,standard_lora,25.0,44,17.408670428223058,15.819564709578822,0.9087175712127925
mixed_tasks_same_doc-oracle-standard_lora-seed17-1781443618259,mixed_tasks_same_doc,oracle,standard_lora,50.0,44,17.408670428223058,15.819564709578822,0.9087175712127925
mixed_tasks_same_doc-oracle-standard_lora-seed17-1781443618259,mixed_tasks_same_doc,oracle,standard_lora,100.0,48,18.99127683078879,17.25770695590417,0.9087175712127925
mixed_tasks_same_doc-oracle-standard_lora-seed17-1781443618259,mixed_tasks_same_doc,oracle,standard_lora,150.0,48,18.99127683078879,17.25770695590417,0.9087175712127925
mixed_tasks_same_doc-oracle-standard_lora-seed17-1781443618259,mixed_tasks_same_doc,oracle,standard_lora,250.0,48,18.99127683078879,17.25770695590417,0.9087175712127925
mixed_tasks_same_doc-oracle-standard_lora-seed23-1781443619729,mixed_tasks_same_doc,oracle,standard_lora,25.0,44,17.132519819097475,15.548430547587177,0.9075390375591729
mixed_tasks_same_doc-oracle-standard_lora-seed23-1781443619729,mixed_tasks_same_doc,oracle,standard_lora,50.0,44,17.132519819097475,15.548430547587177,0.9075390375591729
mixed_tasks_same_doc-oracle-standard_lora-seed23-1781443619729,mixed_tasks_same_doc,oracle,standard_lora,100.0,48,18.69002162083361,16.961924233731466,0.9075390375591729
mixed_tasks_same_doc-oracle-standard_lora-seed23-1781443619729,mixed_tasks_same_doc,oracle,standard_lora,150.0,48,18.69002162083361,16.961924233731466,0.9075390375591729
mixed_tasks_same_doc-oracle-standard_lora-seed23-1781443619729,mixed_tasks_same_doc,oracle,standard_lora,250.0,48,18.69002162083361,16.961924233731466,0.9075390375591729
mixed_tasks_same_doc-random-activated_lora-seed11-1781443307031,mixed_tasks_same_doc,random,activated_lora,25.0,46,18.108379593385678,11.345808809743467,0.6265501974504484
mixed_tasks_same_doc-random-activated_lora-seed11-1781443307031,mixed_tasks_same_doc,random,activated_lora,50.0,46,18.108379593385678,11.345808809743467,0.6265501974504484
mixed_tasks_same_doc-random-activated_lora-seed11-1781443307031,mixed_tasks_same_doc,random,activated_lora,100.0,48,18.895700445272013,11.839104844949706,0.6265501974504484
mixed_tasks_same_doc-random-activated_lora-seed11-1781443307031,mixed_tasks_same_doc,random,activated_lora,150.0,48,18.895700445272013,11.839104844949706,0.6265501974504484
mixed_tasks_same_doc-random-activated_lora-seed11-1781443307031,mixed_tasks_same_doc,random,activated_lora,250.0,48,18.895700445272013,11.839104844949706,0.6265501974504484
mixed_tasks_same_doc-random-base_shared-seed11-1781443304205,mixed_tasks_same_doc,random,base_shared,25.0,46,18.356235630708127,11.501103058867132,0.6265501974504484
mixed_tasks_same_doc-random-base_shared-seed11-1781443304205,mixed_tasks_same_doc,random,base_shared,50.0,46,18.356235630708127,11.501103058867132,0.6265501974504484
mixed_tasks_same_doc-random-base_shared-seed11-1781443304205,mixed_tasks_same_doc,random,base_shared,100.0,48,19.154332832043263,12.001151017948313,0.6265501974504484
mixed_tasks_same_doc-random-base_shared-seed11-1781443304205,mixed_tasks_same_doc,random,base_shared,150.0,48,19.154332832043263,12.001151017948313,0.6265501974504484
mixed_tasks_same_doc-random-base_shared-seed11-1781443304205,mixed_tasks_same_doc,random,base_shared,250.0,48,19.154332832043263,12.001151017948313,0.6265501974504484
mixed_tasks_same_doc-random-copy_on_write-seed11-1781443309896,mixed_tasks_same_doc,random,copy_on_write,25.0,46,18.356235630708127,11.501103058867132,0.6265501974504484
mixed_tasks_same_doc-random-copy_on_write-seed11-1781443309896,mixed_tasks_same_doc,random,copy_on_write,50.0,46,18.356235630708127,11.501103058867132,0.6265501974504484
mixed_tasks_same_doc-random-copy_on_write-seed11-1781443309896,mixed_tasks_same_doc,random,copy_on_write,100.0,48,19.154332832043263,12.001151017948313,0.6265501974504484
mixed_tasks_same_doc-random-copy_on_write-seed11-1781443309896,mixed_tasks_same_doc,random,copy_on_write,150.0,48,19.154332832043263,12.001151017948313,0.6265501974504484
mixed_tasks_same_doc-random-copy_on_write-seed11-1781443309896,mixed_tasks_same_doc,random,copy_on_write,250.0,48,19.154332832043263,12.001151017948313,0.6265501974504484
mixed_tasks_same_doc-random-standard_lora-seed11-1781443301638,mixed_tasks_same_doc,random,standard_lora,25.0,38,12.648282713717597,7.924784031688853,0.6265501974504484
mixed_tasks_same_doc-random-standard_lora-seed11-1781443301638,mixed_tasks_same_doc,random,standard_lora,50.0,38,12.648282713717597,7.924784031688853,0.6265501974504484
mixed_tasks_same_doc-random-standard_lora-seed11-1781443301638,mixed_tasks_same_doc,random,standard_lora,100.0,48,15.976778164695911,10.010253513712236,0.6265501974504484
mixed_tasks_same_doc-random-standard_lora-seed11-1781443301638,mixed_tasks_same_doc,random,standard_lora,150.0,48,15.976778164695911,10.010253513712236,0.6265501974504484
mixed_tasks_same_doc-random-standard_lora-seed11-1781443301638,mixed_tasks_same_doc,random,standard_lora,250.0,48,15.976778164695911,10.010253513712236,0.6265501974504484
mixed_tasks_same_doc-semantic-activated_lora-seed11-1781443319399,mixed_tasks_same_doc,semantic,activated_lora,25.0,46,19.289633836974435,17.551500704154975,0.9098928913058059
mixed_tasks_same_doc-semantic-activated_lora-seed11-1781443319399,mixed_tasks_same_doc,semantic,activated_lora,50.0,46,19.289633836974435,17.551500704154975,0.9098928913058059
mixed_tasks_same_doc-semantic-activated_lora-seed11-1781443319399,mixed_tasks_same_doc,semantic,activated_lora,100.0,48,20.1283135690168,18.314609430422582,0.9098928913058059
mixed_tasks_same_doc-semantic-activated_lora-seed11-1781443319399,mixed_tasks_same_doc,semantic,activated_lora,150.0,48,20.1283135690168,18.314609430422582,0.9098928913058059
mixed_tasks_same_doc-semantic-activated_lora-seed11-1781443319399,mixed_tasks_same_doc,semantic,activated_lora,250.0,48,20.1283135690168,18.314609430422582,0.9098928913058059
mixed_tasks_same_doc-semantic-activated_lora-seed11-1781443407421,mixed_tasks_same_doc,semantic,activated_lora,25.0,62,19.945738949677427,18.198459805778736,0.9123983749959312
mixed_tasks_same_doc-semantic-activated_lora-seed11-1781443407421,mixed_tasks_same_doc,semantic,activated_lora,50.0,62,19.945738949677427,18.198459805778736,0.9123983749959312
mixed_tasks_same_doc-semantic-activated_lora-seed11-1781443407421,mixed_tasks_same_doc,semantic,activated_lora,100.0,64,20.58914988353799,18.78550689628773,0.9123983749959312
mixed_tasks_same_doc-semantic-activated_lora-seed11-1781443407421,mixed_tasks_same_doc,semantic,activated_lora,150.0,64,20.58914988353799,18.78550689628773,0.9123983749959312
mixed_tasks_same_doc-semantic-activated_lora-seed11-1781443407421,mixed_tasks_same_doc,semantic,activated_lora,250.0,64,20.58914988353799,18.78550689628773,0.9123983749959312
mixed_tasks_same_doc-semantic-activated_lora-seed11-1781443515614,mixed_tasks_same_doc,semantic,activated_lora,25.0,46,19.289633836974435,17.551500704154975,0.9098928913058059
mixed_tasks_same_doc-semantic-activated_lora-seed11-1781443515614,mixed_tasks_same_doc,semantic,activated_lora,50.0,46,19.289633836974435,17.551500704154975,0.9098928913058059
mixed_tasks_same_doc-semantic-activated_lora-seed11-1781443515614,mixed_tasks_same_doc,semantic,activated_lora,100.0,48,20.1283135690168,18.314609430422582,0.9098928913058059
mixed_tasks_same_doc-semantic-activated_lora-seed11-1781443515614,mixed_tasks_same_doc,semantic,activated_lora,150.0,48,20.1283135690168,18.314609430422582,0.9098928913058059
mixed_tasks_same_doc-semantic-activated_lora-seed11-1781443515614,mixed_tasks_same_doc,semantic,activated_lora,250.0,48,20.1283135690168,18.314609430422582,0.9098928913058059
mixed_tasks_same_doc-semantic-activated_lora-seed17-1781443408458,mixed_tasks_same_doc,semantic,activated_lora,25.0,62,19.762320129966483,18.00252481842763,0.9109519884322491
mixed_tasks_same_doc-semantic-activated_lora-seed17-1781443408458,mixed_tasks_same_doc,semantic,activated_lora,50.0,62,19.762320129966483,18.00252481842763,0.9109519884322491
mixed_tasks_same_doc-semantic-activated_lora-seed17-1781443408458,mixed_tasks_same_doc,semantic,activated_lora,100.0,64,20.39981432770734,18.583251425473687,0.9109519884322491
mixed_tasks_same_doc-semantic-activated_lora-seed17-1781443408458,mixed_tasks_same_doc,semantic,activated_lora,150.0,64,20.39981432770734,18.583251425473687,0.9109519884322491
mixed_tasks_same_doc-semantic-activated_lora-seed17-1781443408458,mixed_tasks_same_doc,semantic,activated_lora,250.0,64,20.39981432770734,18.583251425473687,0.9109519884322491
mixed_tasks_same_doc-semantic-activated_lora-seed17-1781443516918,mixed_tasks_same_doc,semantic,activated_lora,25.0,46,19.171649781016093,17.421615025147208,0.9087175712127925
mixed_tasks_same_doc-semantic-activated_lora-seed17-1781443516918,mixed_tasks_same_doc,semantic,activated_lora,50.0,46,19.171649781016093,17.421615025147208,0.9087175712127925
mixed_tasks_same_doc-semantic-activated_lora-seed17-1781443516918,mixed_tasks_same_doc,semantic,activated_lora,100.0,48,20.005199771495054,18.179076547979697,0.9087175712127925
mixed_tasks_same_doc-semantic-activated_lora-seed17-1781443516918,mixed_tasks_same_doc,semantic,activated_lora,150.0,48,20.005199771495054,18.179076547979697,0.9087175712127925
mixed_tasks_same_doc-semantic-activated_lora-seed17-1781443516918,mixed_tasks_same_doc,semantic,activated_lora,250.0,48,20.005199771495054,18.179076547979697,0.9087175712127925
mixed_tasks_same_doc-semantic-activated_lora-seed23-1781443518225,mixed_tasks_same_doc,semantic,activated_lora,25.0,46,18.851567989223817,17.108533869421496,0.9075390375591729
mixed_tasks_same_doc-semantic-activated_lora-seed23-1781443518225,mixed_tasks_same_doc,semantic,activated_lora,50.0,46,18.851567989223817,17.108533869421496,0.9075390375591729
mixed_tasks_same_doc-semantic-activated_lora-seed23-1781443518225,mixed_tasks_same_doc,semantic,activated_lora,100.0,48,19.671201380059635,17.852383168091993,0.9075390375591729
mixed_tasks_same_doc-semantic-activated_lora-seed23-1781443518225,mixed_tasks_same_doc,semantic,activated_lora,150.0,48,19.671201380059635,17.852383168091993,0.9075390375591729
mixed_tasks_same_doc-semantic-activated_lora-seed23-1781443518225,mixed_tasks_same_doc,semantic,activated_lora,250.0,48,19.671201380059635,17.852383168091993,0.9075390375591729
mixed_tasks_same_doc-semantic-base_shared-seed11-1781443316126,mixed_tasks_same_doc,semantic,base_shared,25.0,46,19.160275691170085,17.433798646855095,0.9098928913058059
mixed_tasks_same_doc-semantic-base_shared-seed11-1781443316126,mixed_tasks_same_doc,semantic,base_shared,50.0,46,19.160275691170085,17.433798646855095,0.9098928913058059
mixed_tasks_same_doc-semantic-base_shared-seed11-1781443316126,mixed_tasks_same_doc,semantic,base_shared,100.0,48,19.993331156003567,18.191789892370537,0.9098928913058059
mixed_tasks_same_doc-semantic-base_shared-seed11-1781443316126,mixed_tasks_same_doc,semantic,base_shared,150.0,48,19.993331156003567,18.191789892370537,0.9098928913058059
mixed_tasks_same_doc-semantic-base_shared-seed11-1781443316126,mixed_tasks_same_doc,semantic,base_shared,250.0,48,19.993331156003567,18.191789892370537,0.9098928913058059
mixed_tasks_same_doc-semantic-base_shared-seed11-1781443401317,mixed_tasks_same_doc,semantic,base_shared,25.0,62,20.058666144442366,18.301494394775116,0.9123983749959312
mixed_tasks_same_doc-semantic-base_shared-seed11-1781443401317,mixed_tasks_same_doc,semantic,base_shared,50.0,62,20.058666144442366,18.301494394775116,0.9123983749959312
mixed_tasks_same_doc-semantic-base_shared-seed11-1781443401317,mixed_tasks_same_doc,semantic,base_shared,100.0,64,20.70571989103728,18.891865181703345,0.9123983749959312
mixed_tasks_same_doc-semantic-base_shared-seed11-1781443401317,mixed_tasks_same_doc,semantic,base_shared,150.0,64,20.70571989103728,18.891865181703345,0.9123983749959312
mixed_tasks_same_doc-semantic-base_shared-seed11-1781443401317,mixed_tasks_same_doc,semantic,base_shared,250.0,64,20.70571989103728,18.891865181703345,0.9123983749959312
mixed_tasks_same_doc-semantic-base_shared-seed17-1781443402352,mixed_tasks_same_doc,semantic,base_shared,25.0,62,19.87317417068088,18.10350752724216,0.9109519884322491
mixed_tasks_same_doc-semantic-base_shared-seed17-1781443402352,mixed_tasks_same_doc,semantic,base_shared,50.0,62,19.87317417068088,18.10350752724216,0.9109519884322491
mixed_tasks_same_doc-semantic-base_shared-seed17-1781443402352,mixed_tasks_same_doc,semantic,base_shared,100.0,64,20.514244305218973,18.687491641024167,0.9109519884322491
mixed_tasks_same_doc-semantic-base_shared-seed17-1781443402352,mixed_tasks_same_doc,semantic,base_shared,150.0,64,20.514244305218973,18.687491641024167,0.9109519884322491
mixed_tasks_same_doc-semantic-base_shared-seed17-1781443402352,mixed_tasks_same_doc,semantic,base_shared,250.0,64,20.514244305218973,18.687491641024167,0.9109519884322491
mixed_tasks_same_doc-semantic-copy_on_write-seed11-1781443322727,mixed_tasks_same_doc,semantic,copy_on_write,25.0,46,19.160275691170085,17.433798646855095,0.9098928913058059
mixed_tasks_same_doc-semantic-copy_on_write-seed11-1781443322727,mixed_tasks_same_doc,semantic,copy_on_write,50.0,46,19.160275691170085,17.433798646855095,0.9098928913058059
mixed_tasks_same_doc-semantic-copy_on_write-seed11-1781443322727,mixed_tasks_same_doc,semantic,copy_on_write,100.0,48,19.993331156003567,18.191789892370537,0.9098928913058059
mixed_tasks_same_doc-semantic-copy_on_write-seed11-1781443322727,mixed_tasks_same_doc,semantic,copy_on_write,150.0,48,19.993331156003567,18.191789892370537,0.9098928913058059
mixed_tasks_same_doc-semantic-copy_on_write-seed11-1781443322727,mixed_tasks_same_doc,semantic,copy_on_write,250.0,48,19.993331156003567,18.191789892370537,0.9098928913058059
mixed_tasks_same_doc-semantic-copy_on_write-seed11-1781443413777,mixed_tasks_same_doc,semantic,copy_on_write,25.0,62,20.058666144442366,18.301494394775116,0.9123983749959312
mixed_tasks_same_doc-semantic-copy_on_write-seed11-1781443413777,mixed_tasks_same_doc,semantic,copy_on_write,50.0,62,20.058666144442366,18.301494394775116,0.9123983749959312
mixed_tasks_same_doc-semantic-copy_on_write-seed11-1781443413777,mixed_tasks_same_doc,semantic,copy_on_write,100.0,64,20.70571989103728,18.891865181703345,0.9123983749959312
mixed_tasks_same_doc-semantic-copy_on_write-seed11-1781443413777,mixed_tasks_same_doc,semantic,copy_on_write,150.0,64,20.70571989103728,18.891865181703345,0.9123983749959312
mixed_tasks_same_doc-semantic-copy_on_write-seed11-1781443413777,mixed_tasks_same_doc,semantic,copy_on_write,250.0,64,20.70571989103728,18.891865181703345,0.9123983749959312
mixed_tasks_same_doc-semantic-copy_on_write-seed11-1781443527353,mixed_tasks_same_doc,semantic,copy_on_write,25.0,46,19.160275691170085,17.433798646855095,0.9098928913058059
mixed_tasks_same_doc-semantic-copy_on_write-seed11-1781443527353,mixed_tasks_same_doc,semantic,copy_on_write,50.0,46,19.160275691170085,17.433798646855095,0.9098928913058059
mixed_tasks_same_doc-semantic-copy_on_write-seed11-1781443527353,mixed_tasks_same_doc,semantic,copy_on_write,100.0,48,19.993331156003567,18.191789892370537,0.9098928913058059
mixed_tasks_same_doc-semantic-copy_on_write-seed11-1781443527353,mixed_tasks_same_doc,semantic,copy_on_write,150.0,48,19.993331156003567,18.191789892370537,0.9098928913058059
mixed_tasks_same_doc-semantic-copy_on_write-seed11-1781443527353,mixed_tasks_same_doc,semantic,copy_on_write,250.0,48,19.993331156003567,18.191789892370537,0.9098928913058059
mixed_tasks_same_doc-semantic-copy_on_write-seed17-1781443414834,mixed_tasks_same_doc,semantic,copy_on_write,25.0,62,19.87317417068088,18.10350752724216,0.9109519884322491
mixed_tasks_same_doc-semantic-copy_on_write-seed17-1781443414834,mixed_tasks_same_doc,semantic,copy_on_write,50.0,62,19.87317417068088,18.10350752724216,0.9109519884322491
mixed_tasks_same_doc-semantic-copy_on_write-seed17-1781443414834,mixed_tasks_same_doc,semantic,copy_on_write,100.0,64,20.514244305218973,18.687491641024167,0.9109519884322491
mixed_tasks_same_doc-semantic-copy_on_write-seed17-1781443414834,mixed_tasks_same_doc,semantic,copy_on_write,150.0,64,20.514244305218973,18.687491641024167,0.9109519884322491
mixed_tasks_same_doc-semantic-copy_on_write-seed17-1781443414834,mixed_tasks_same_doc,semantic,copy_on_write,250.0,64,20.514244305218973,18.687491641024167,0.9109519884322491
mixed_tasks_same_doc-semantic-copy_on_write-seed17-1781443528666,mixed_tasks_same_doc,semantic,copy_on_write,25.0,46,19.043863979275304,17.305493821753842,0.9087175712127925
mixed_tasks_same_doc-semantic-copy_on_write-seed17-1781443528666,mixed_tasks_same_doc,semantic,copy_on_write,50.0,46,19.043863979275304,17.305493821753842,0.9087175712127925
mixed_tasks_same_doc-semantic-copy_on_write-seed17-1781443528666,mixed_tasks_same_doc,semantic,copy_on_write,100.0,48,19.871858065330752,18.057906596612703,0.9087175712127925
mixed_tasks_same_doc-semantic-copy_on_write-seed17-1781443528666,mixed_tasks_same_doc,semantic,copy_on_write,150.0,48,19.871858065330752,18.057906596612703,0.9087175712127925
mixed_tasks_same_doc-semantic-copy_on_write-seed17-1781443528666,mixed_tasks_same_doc,semantic,copy_on_write,250.0,48,19.871858065330752,18.057906596612703,0.9087175712127925
mixed_tasks_same_doc-semantic-copy_on_write-seed23-1781443529972,mixed_tasks_same_doc,semantic,copy_on_write,25.0,46,18.72799973312888,16.99639085321223,0.9075390375591729
mixed_tasks_same_doc-semantic-copy_on_write-seed23-1781443529972,mixed_tasks_same_doc,semantic,copy_on_write,50.0,46,18.72799973312888,16.99639085321223,0.9075390375591729
mixed_tasks_same_doc-semantic-copy_on_write-seed23-1781443529972,mixed_tasks_same_doc,semantic,copy_on_write,100.0,48,19.542260591091004,17.735364368569282,0.9075390375591729
mixed_tasks_same_doc-semantic-copy_on_write-seed23-1781443529972,mixed_tasks_same_doc,semantic,copy_on_write,150.0,48,19.542260591091004,17.735364368569282,0.9075390375591729
mixed_tasks_same_doc-semantic-copy_on_write-seed23-1781443529972,mixed_tasks_same_doc,semantic,copy_on_write,250.0,48,19.542260591091004,17.735364368569282,0.9075390375591729
mixed_tasks_same_doc-semantic-standard_lora-seed11-1781443312944,mixed_tasks_same_doc,semantic,standard_lora,25.0,44,17.51034334243514,15.932536931605677,0.9098928913058059
mixed_tasks_same_doc-semantic-standard_lora-seed11-1781443312944,mixed_tasks_same_doc,semantic,standard_lora,50.0,44,17.51034334243514,15.932536931605677,0.9098928913058059
mixed_tasks_same_doc-semantic-standard_lora-seed11-1781443312944,mixed_tasks_same_doc,semantic,standard_lora,100.0,48,19.102192737201968,17.380949379933465,0.9098928913058059
mixed_tasks_same_doc-semantic-standard_lora-seed11-1781443312944,mixed_tasks_same_doc,semantic,standard_lora,150.0,48,19.102192737201968,17.380949379933465,0.9098928913058059
mixed_tasks_same_doc-semantic-standard_lora-seed11-1781443312944,mixed_tasks_same_doc,semantic,standard_lora,250.0,48,19.102192737201968,17.380949379933465,0.9098928913058059
mixed_tasks_same_doc-semantic-standard_lora-seed11-1781443395250,mixed_tasks_same_doc,semantic,standard_lora,25.0,0,0.0,0.0,0.9123983749959312
mixed_tasks_same_doc-semantic-standard_lora-seed11-1781443395250,mixed_tasks_same_doc,semantic,standard_lora,50.0,0,0.0,0.0,0.9123983749959312
mixed_tasks_same_doc-semantic-standard_lora-seed11-1781443395250,mixed_tasks_same_doc,semantic,standard_lora,100.0,64,8.832296753507864,8.058573205382414,0.9123983749959312
mixed_tasks_same_doc-semantic-standard_lora-seed11-1781443395250,mixed_tasks_same_doc,semantic,standard_lora,150.0,64,8.832296753507864,8.058573205382414,0.9123983749959312
mixed_tasks_same_doc-semantic-standard_lora-seed11-1781443395250,mixed_tasks_same_doc,semantic,standard_lora,250.0,64,8.832296753507864,8.058573205382414,0.9123983749959312
mixed_tasks_same_doc-semantic-standard_lora-seed11-1781443504301,mixed_tasks_same_doc,semantic,standard_lora,25.0,44,17.51034334243514,15.932536931605677,0.9098928913058059
mixed_tasks_same_doc-semantic-standard_lora-seed11-1781443504301,mixed_tasks_same_doc,semantic,standard_lora,50.0,44,17.51034334243514,15.932536931605677,0.9098928913058059
mixed_tasks_same_doc-semantic-standard_lora-seed11-1781443504301,mixed_tasks_same_doc,semantic,standard_lora,100.0,48,19.102192737201968,17.380949379933465,0.9098928913058059
mixed_tasks_same_doc-semantic-standard_lora-seed11-1781443504301,mixed_tasks_same_doc,semantic,standard_lora,150.0,48,19.102192737201968,17.380949379933465,0.9098928913058059
mixed_tasks_same_doc-semantic-standard_lora-seed11-1781443504301,mixed_tasks_same_doc,semantic,standard_lora,250.0,48,19.102192737201968,17.380949379933465,0.9098928913058059
mixed_tasks_same_doc-semantic-standard_lora-seed17-1781443396292,mixed_tasks_same_doc,semantic,standard_lora,25.0,0,0.0,0.0,0.9109519884322491
mixed_tasks_same_doc-semantic-standard_lora-seed17-1781443396292,mixed_tasks_same_doc,semantic,standard_lora,50.0,0,0.0,0.0,0.9109519884322491
mixed_tasks_same_doc-semantic-standard_lora-seed17-1781443396292,mixed_tasks_same_doc,semantic,standard_lora,100.0,64,8.797270864636811,8.013891386917994,0.9109519884322491
mixed_tasks_same_doc-semantic-standard_lora-seed17-1781443396292,mixed_tasks_same_doc,semantic,standard_lora,150.0,64,8.797270864636811,8.013891386917994,0.9109519884322491
mixed_tasks_same_doc-semantic-standard_lora-seed17-1781443396292,mixed_tasks_same_doc,semantic,standard_lora,250.0,64,8.797270864636811,8.013891386917994,0.9109519884322491
mixed_tasks_same_doc-semantic-standard_lora-seed17-1781443505549,mixed_tasks_same_doc,semantic,standard_lora,25.0,44,17.408670428223058,15.819564709578822,0.9087175712127925
mixed_tasks_same_doc-semantic-standard_lora-seed17-1781443505549,mixed_tasks_same_doc,semantic,standard_lora,50.0,44,17.408670428223058,15.819564709578822,0.9087175712127925
mixed_tasks_same_doc-semantic-standard_lora-seed17-1781443505549,mixed_tasks_same_doc,semantic,standard_lora,100.0,48,18.99127683078879,17.25770695590417,0.9087175712127925
mixed_tasks_same_doc-semantic-standard_lora-seed17-1781443505549,mixed_tasks_same_doc,semantic,standard_lora,150.0,48,18.99127683078879,17.25770695590417,0.9087175712127925
mixed_tasks_same_doc-semantic-standard_lora-seed17-1781443505549,mixed_tasks_same_doc,semantic,standard_lora,250.0,48,18.99127683078879,17.25770695590417,0.9087175712127925
mixed_tasks_same_doc-semantic-standard_lora-seed23-1781443506802,mixed_tasks_same_doc,semantic,standard_lora,25.0,44,17.132519819097475,15.548430547587177,0.9075390375591729
mixed_tasks_same_doc-semantic-standard_lora-seed23-1781443506802,mixed_tasks_same_doc,semantic,standard_lora,50.0,44,17.132519819097475,15.548430547587177,0.9075390375591729
mixed_tasks_same_doc-semantic-standard_lora-seed23-1781443506802,mixed_tasks_same_doc,semantic,standard_lora,100.0,48,18.69002162083361,16.961924233731466,0.9075390375591729
mixed_tasks_same_doc-semantic-standard_lora-seed23-1781443506802,mixed_tasks_same_doc,semantic,standard_lora,150.0,48,18.69002162083361,16.961924233731466,0.9075390375591729
mixed_tasks_same_doc-semantic-standard_lora-seed23-1781443506802,mixed_tasks_same_doc,semantic,standard_lora,250.0,48,18.69002162083361,16.961924233731466,0.9075390375591729
mixed_tasks_same_doc-sticky_session-activated_lora-seed11-1781443348924,mixed_tasks_same_doc,sticky_session,activated_lora,25.0,46,19.289633836974435,17.551500704154975,0.9098928913058059
mixed_tasks_same_doc-sticky_session-activated_lora-seed11-1781443348924,mixed_tasks_same_doc,sticky_session,activated_lora,50.0,46,19.289633836974435,17.551500704154975,0.9098928913058059
mixed_tasks_same_doc-sticky_session-activated_lora-seed11-1781443348924,mixed_tasks_same_doc,sticky_session,activated_lora,100.0,48,20.1283135690168,18.314609430422582,0.9098928913058059
mixed_tasks_same_doc-sticky_session-activated_lora-seed11-1781443348924,mixed_tasks_same_doc,sticky_session,activated_lora,150.0,48,20.1283135690168,18.314609430422582,0.9098928913058059
mixed_tasks_same_doc-sticky_session-activated_lora-seed11-1781443348924,mixed_tasks_same_doc,sticky_session,activated_lora,250.0,48,20.1283135690168,18.314609430422582,0.9098928913058059
mixed_tasks_same_doc-sticky_session-base_shared-seed11-1781443344917,mixed_tasks_same_doc,sticky_session,base_shared,25.0,46,19.160275691170085,17.433798646855095,0.9098928913058059
mixed_tasks_same_doc-sticky_session-base_shared-seed11-1781443344917,mixed_tasks_same_doc,sticky_session,base_shared,50.0,46,19.160275691170085,17.433798646855095,0.9098928913058059
mixed_tasks_same_doc-sticky_session-base_shared-seed11-1781443344917,mixed_tasks_same_doc,sticky_session,base_shared,100.0,48,19.993331156003567,18.191789892370537,0.9098928913058059
mixed_tasks_same_doc-sticky_session-base_shared-seed11-1781443344917,mixed_tasks_same_doc,sticky_session,base_shared,150.0,48,19.993331156003567,18.191789892370537,0.9098928913058059
mixed_tasks_same_doc-sticky_session-base_shared-seed11-1781443344917,mixed_tasks_same_doc,sticky_session,base_shared,250.0,48,19.993331156003567,18.191789892370537,0.9098928913058059
mixed_tasks_same_doc-sticky_session-copy_on_write-seed11-1781443353023,mixed_tasks_same_doc,sticky_session,copy_on_write,25.0,46,19.160275691170085,17.433798646855095,0.9098928913058059
mixed_tasks_same_doc-sticky_session-copy_on_write-seed11-1781443353023,mixed_tasks_same_doc,sticky_session,copy_on_write,50.0,46,19.160275691170085,17.433798646855095,0.9098928913058059
mixed_tasks_same_doc-sticky_session-copy_on_write-seed11-1781443353023,mixed_tasks_same_doc,sticky_session,copy_on_write,100.0,48,19.993331156003567,18.191789892370537,0.9098928913058059
mixed_tasks_same_doc-sticky_session-copy_on_write-seed11-1781443353023,mixed_tasks_same_doc,sticky_session,copy_on_write,150.0,48,19.993331156003567,18.191789892370537,0.9098928913058059
mixed_tasks_same_doc-sticky_session-copy_on_write-seed11-1781443353023,mixed_tasks_same_doc,sticky_session,copy_on_write,250.0,48,19.993331156003567,18.191789892370537,0.9098928913058059
mixed_tasks_same_doc-sticky_session-standard_lora-seed11-1781443340980,mixed_tasks_same_doc,sticky_session,standard_lora,25.0,44,17.51034334243514,15.932536931605677,0.9098928913058059
mixed_tasks_same_doc-sticky_session-standard_lora-seed11-1781443340980,mixed_tasks_same_doc,sticky_session,standard_lora,50.0,44,17.51034334243514,15.932536931605677,0.9098928913058059
mixed_tasks_same_doc-sticky_session-standard_lora-seed11-1781443340980,mixed_tasks_same_doc,sticky_session,standard_lora,100.0,48,19.102192737201968,17.380949379933465,0.9098928913058059
mixed_tasks_same_doc-sticky_session-standard_lora-seed11-1781443340980,mixed_tasks_same_doc,sticky_session,standard_lora,150.0,48,19.102192737201968,17.380949379933465,0.9098928913058059
mixed_tasks_same_doc-sticky_session-standard_lora-seed11-1781443340980,mixed_tasks_same_doc,sticky_session,standard_lora,250.0,48,19.102192737201968,17.380949379933465,0.9098928913058059
prompt_layout_ablation-cache_aware-activated_lora-seed11-1781443368615,prompt_layout_ablation,cache_aware,activated_lora,25.0,22,5.871748949455927,5.433662186007124,0.9253907537226373
prompt_layout_ablation-cache_aware-activated_lora-seed11-1781443368615,prompt_layout_ablation,cache_aware,activated_lora,50.0,22,5.871748949455927,5.433662186007124,0.9253907537226373
prompt_layout_ablation-cache_aware-activated_lora-seed11-1781443368615,prompt_layout_ablation,cache_aware,activated_lora,100.0,48,12.81108861699475,11.855262951288271,0.9253907537226373
prompt_layout_ablation-cache_aware-activated_lora-seed11-1781443368615,prompt_layout_ablation,cache_aware,activated_lora,150.0,48,12.81108861699475,11.855262951288271,0.9253907537226373
prompt_layout_ablation-cache_aware-activated_lora-seed11-1781443368615,prompt_layout_ablation,cache_aware,activated_lora,250.0,48,12.81108861699475,11.855262951288271,0.9253907537226373
prompt_layout_ablation-cache_aware-activated_lora-seed11-1781443462187,prompt_layout_ablation,cache_aware,activated_lora,25.0,0,0.0,0.0,0.9250948908035106
prompt_layout_ablation-cache_aware-activated_lora-seed11-1781443462187,prompt_layout_ablation,cache_aware,activated_lora,50.0,0,0.0,0.0,0.9250948908035106
prompt_layout_ablation-cache_aware-activated_lora-seed11-1781443462187,prompt_layout_ablation,cache_aware,activated_lora,100.0,64,8.953698303473432,8.283020554339332,0.9250948908035106
prompt_layout_ablation-cache_aware-activated_lora-seed11-1781443462187,prompt_layout_ablation,cache_aware,activated_lora,150.0,64,8.953698303473432,8.283020554339332,0.9250948908035106
prompt_layout_ablation-cache_aware-activated_lora-seed11-1781443462187,prompt_layout_ablation,cache_aware,activated_lora,250.0,64,8.953698303473432,8.283020554339332,0.9250948908035106
prompt_layout_ablation-cache_aware-activated_lora-seed11-1781443594115,prompt_layout_ablation,cache_aware,activated_lora,25.0,22,5.871748949455927,5.433662186007124,0.9253907537226373
prompt_layout_ablation-cache_aware-activated_lora-seed11-1781443594115,prompt_layout_ablation,cache_aware,activated_lora,50.0,22,5.871748949455927,5.433662186007124,0.9253907537226373
prompt_layout_ablation-cache_aware-activated_lora-seed11-1781443594115,prompt_layout_ablation,cache_aware,activated_lora,100.0,48,12.81108861699475,11.855262951288271,0.9253907537226373
prompt_layout_ablation-cache_aware-activated_lora-seed11-1781443594115,prompt_layout_ablation,cache_aware,activated_lora,150.0,48,12.81108861699475,11.855262951288271,0.9253907537226373
prompt_layout_ablation-cache_aware-activated_lora-seed11-1781443594115,prompt_layout_ablation,cache_aware,activated_lora,250.0,48,12.81108861699475,11.855262951288271,0.9253907537226373
prompt_layout_ablation-cache_aware-activated_lora-seed17-1781443463335,prompt_layout_ablation,cache_aware,activated_lora,25.0,0,0.0,0.0,0.9294578132264533
prompt_layout_ablation-cache_aware-activated_lora-seed17-1781443463335,prompt_layout_ablation,cache_aware,activated_lora,50.0,0,0.0,0.0,0.9294578132264533
prompt_layout_ablation-cache_aware-activated_lora-seed17-1781443463335,prompt_layout_ablation,cache_aware,activated_lora,100.0,64,8.7720686089973,8.153267706791047,0.9294578132264533
prompt_layout_ablation-cache_aware-activated_lora-seed17-1781443463335,prompt_layout_ablation,cache_aware,activated_lora,150.0,64,8.7720686089973,8.153267706791047,0.9294578132264533
prompt_layout_ablation-cache_aware-activated_lora-seed17-1781443463335,prompt_layout_ablation,cache_aware,activated_lora,250.0,64,8.7720686089973,8.153267706791047,0.9294578132264533
prompt_layout_ablation-cache_aware-activated_lora-seed17-1781443595543,prompt_layout_ablation,cache_aware,activated_lora,25.0,22,5.735533699015922,5.323109224404536,0.9280930953849774
prompt_layout_ablation-cache_aware-activated_lora-seed17-1781443595543,prompt_layout_ablation,cache_aware,activated_lora,50.0,22,5.735533699015922,5.323109224404536,0.9280930953849774
prompt_layout_ablation-cache_aware-activated_lora-seed17-1781443595543,prompt_layout_ablation,cache_aware,activated_lora,100.0,48,12.513891706943829,11.614056489609897,0.9280930953849774
prompt_layout_ablation-cache_aware-activated_lora-seed17-1781443595543,prompt_layout_ablation,cache_aware,activated_lora,150.0,48,12.513891706943829,11.614056489609897,0.9280930953849774
prompt_layout_ablation-cache_aware-activated_lora-seed17-1781443595543,prompt_layout_ablation,cache_aware,activated_lora,250.0,48,12.513891706943829,11.614056489609897,0.9280930953849774
prompt_layout_ablation-cache_aware-activated_lora-seed23-1781443596976,prompt_layout_ablation,cache_aware,activated_lora,25.0,22,6.082018954955162,5.6545109718420825,0.9297095279907376
prompt_layout_ablation-cache_aware-activated_lora-seed23-1781443596976,prompt_layout_ablation,cache_aware,activated_lora,50.0,22,6.082018954955162,5.6545109718420825,0.9297095279907376
prompt_layout_ablation-cache_aware-activated_lora-seed23-1781443596976,prompt_layout_ablation,cache_aware,activated_lora,100.0,48,13.269859538083988,12.337114847655451,0.9297095279907376
prompt_layout_ablation-cache_aware-activated_lora-seed23-1781443596976,prompt_layout_ablation,cache_aware,activated_lora,150.0,48,13.269859538083988,12.337114847655451,0.9297095279907376
prompt_layout_ablation-cache_aware-activated_lora-seed23-1781443596976,prompt_layout_ablation,cache_aware,activated_lora,250.0,48,13.269859538083988,12.337114847655451,0.9297095279907376
prompt_layout_ablation-cache_aware-base_shared-seed11-1781443364020,prompt_layout_ablation,cache_aware,base_shared,25.0,22,5.85970659534007,5.422518302855257,0.9253907537226373
prompt_layout_ablation-cache_aware-base_shared-seed11-1781443364020,prompt_layout_ablation,cache_aware,base_shared,50.0,22,5.85970659534007,5.422518302855257,0.9253907537226373
prompt_layout_ablation-cache_aware-base_shared-seed11-1781443364020,prompt_layout_ablation,cache_aware,base_shared,100.0,48,12.78481438983288,11.830949024411469,0.9253907537226373
prompt_layout_ablation-cache_aware-base_shared-seed11-1781443364020,prompt_layout_ablation,cache_aware,base_shared,150.0,48,12.78481438983288,11.830949024411469,0.9253907537226373
prompt_layout_ablation-cache_aware-base_shared-seed11-1781443364020,prompt_layout_ablation,cache_aware,base_shared,250.0,48,12.78481438983288,11.830949024411469,0.9253907537226373
prompt_layout_ablation-cache_aware-base_shared-seed11-1781443455254,prompt_layout_ablation,cache_aware,base_shared,25.0,0,0.0,0.0,0.9250948908035106
prompt_layout_ablation-cache_aware-base_shared-seed11-1781443455254,prompt_layout_ablation,cache_aware,base_shared,50.0,0,0.0,0.0,0.9250948908035106
prompt_layout_ablation-cache_aware-base_shared-seed11-1781443455254,prompt_layout_ablation,cache_aware,base_shared,100.0,64,8.953698303473432,8.283020554339332,0.9250948908035106
prompt_layout_ablation-cache_aware-base_shared-seed11-1781443455254,prompt_layout_ablation,cache_aware,base_shared,150.0,64,8.953698303473432,8.283020554339332,0.9250948908035106
prompt_layout_ablation-cache_aware-base_shared-seed11-1781443455254,prompt_layout_ablation,cache_aware,base_shared,250.0,64,8.953698303473432,8.283020554339332,0.9250948908035106
prompt_layout_ablation-cache_aware-base_shared-seed17-1781443456353,prompt_layout_ablation,cache_aware,base_shared,25.0,0,0.0,0.0,0.9294578132264533
prompt_layout_ablation-cache_aware-base_shared-seed17-1781443456353,prompt_layout_ablation,cache_aware,base_shared,50.0,0,0.0,0.0,0.9294578132264533
prompt_layout_ablation-cache_aware-base_shared-seed17-1781443456353,prompt_layout_ablation,cache_aware,base_shared,100.0,64,8.7720686089973,8.153267706791047,0.9294578132264533
prompt_layout_ablation-cache_aware-base_shared-seed17-1781443456353,prompt_layout_ablation,cache_aware,base_shared,150.0,64,8.7720686089973,8.153267706791047,0.9294578132264533
prompt_layout_ablation-cache_aware-base_shared-seed17-1781443456353,prompt_layout_ablation,cache_aware,base_shared,250.0,64,8.7720686089973,8.153267706791047,0.9294578132264533
prompt_layout_ablation-cache_aware-copy_on_write-seed11-1781443373100,prompt_layout_ablation,cache_aware,copy_on_write,25.0,22,5.85970659534007,5.422518302855257,0.9253907537226373
prompt_layout_ablation-cache_aware-copy_on_write-seed11-1781443373100,prompt_layout_ablation,cache_aware,copy_on_write,50.0,22,5.85970659534007,5.422518302855257,0.9253907537226373
prompt_layout_ablation-cache_aware-copy_on_write-seed11-1781443373100,prompt_layout_ablation,cache_aware,copy_on_write,100.0,48,12.78481438983288,11.830949024411469,0.9253907537226373
prompt_layout_ablation-cache_aware-copy_on_write-seed11-1781443373100,prompt_layout_ablation,cache_aware,copy_on_write,150.0,48,12.78481438983288,11.830949024411469,0.9253907537226373
prompt_layout_ablation-cache_aware-copy_on_write-seed11-1781443373100,prompt_layout_ablation,cache_aware,copy_on_write,250.0,48,12.78481438983288,11.830949024411469,0.9253907537226373
prompt_layout_ablation-cache_aware-copy_on_write-seed11-1781443469184,prompt_layout_ablation,cache_aware,copy_on_write,25.0,0,0.0,0.0,0.9250948908035106
prompt_layout_ablation-cache_aware-copy_on_write-seed11-1781443469184,prompt_layout_ablation,cache_aware,copy_on_write,50.0,0,0.0,0.0,0.9250948908035106
prompt_layout_ablation-cache_aware-copy_on_write-seed11-1781443469184,prompt_layout_ablation,cache_aware,copy_on_write,100.0,64,8.953698303473432,8.283020554339332,0.9250948908035106
prompt_layout_ablation-cache_aware-copy_on_write-seed11-1781443469184,prompt_layout_ablation,cache_aware,copy_on_write,150.0,64,8.953698303473432,8.283020554339332,0.9250948908035106
prompt_layout_ablation-cache_aware-copy_on_write-seed11-1781443469184,prompt_layout_ablation,cache_aware,copy_on_write,250.0,64,8.953698303473432,8.283020554339332,0.9250948908035106
prompt_layout_ablation-cache_aware-copy_on_write-seed11-1781443607699,prompt_layout_ablation,cache_aware,copy_on_write,25.0,22,5.85970659534007,5.422518302855257,0.9253907537226373
prompt_layout_ablation-cache_aware-copy_on_write-seed11-1781443607699,prompt_layout_ablation,cache_aware,copy_on_write,50.0,22,5.85970659534007,5.422518302855257,0.9253907537226373
prompt_layout_ablation-cache_aware-copy_on_write-seed11-1781443607699,prompt_layout_ablation,cache_aware,copy_on_write,100.0,48,12.78481438983288,11.830949024411469,0.9253907537226373
prompt_layout_ablation-cache_aware-copy_on_write-seed11-1781443607699,prompt_layout_ablation,cache_aware,copy_on_write,150.0,48,12.78481438983288,11.830949024411469,0.9253907537226373
prompt_layout_ablation-cache_aware-copy_on_write-seed11-1781443607699,prompt_layout_ablation,cache_aware,copy_on_write,250.0,48,12.78481438983288,11.830949024411469,0.9253907537226373
prompt_layout_ablation-cache_aware-copy_on_write-seed17-1781443470364,prompt_layout_ablation,cache_aware,copy_on_write,25.0,0,0.0,0.0,0.9294578132264533
prompt_layout_ablation-cache_aware-copy_on_write-seed17-1781443470364,prompt_layout_ablation,cache_aware,copy_on_write,50.0,0,0.0,0.0,0.9294578132264533
prompt_layout_ablation-cache_aware-copy_on_write-seed17-1781443470364,prompt_layout_ablation,cache_aware,copy_on_write,100.0,64,8.7720686089973,8.153267706791047,0.9294578132264533
prompt_layout_ablation-cache_aware-copy_on_write-seed17-1781443470364,prompt_layout_ablation,cache_aware,copy_on_write,150.0,64,8.7720686089973,8.153267706791047,0.9294578132264533
prompt_layout_ablation-cache_aware-copy_on_write-seed17-1781443470364,prompt_layout_ablation,cache_aware,copy_on_write,250.0,64,8.7720686089973,8.153267706791047,0.9294578132264533
prompt_layout_ablation-cache_aware-copy_on_write-seed17-1781443609238,prompt_layout_ablation,cache_aware,copy_on_write,25.0,22,5.724043044394413,5.31244482718886,0.9280930953849774
prompt_layout_ablation-cache_aware-copy_on_write-seed17-1781443609238,prompt_layout_ablation,cache_aware,copy_on_write,50.0,22,5.724043044394413,5.31244482718886,0.9280930953849774
prompt_layout_ablation-cache_aware-copy_on_write-seed17-1781443609238,prompt_layout_ablation,cache_aware,copy_on_write,100.0,48,12.488821187769627,11.590788713866603,0.9280930953849774
prompt_layout_ablation-cache_aware-copy_on_write-seed17-1781443609238,prompt_layout_ablation,cache_aware,copy_on_write,150.0,48,12.488821187769627,11.590788713866603,0.9280930953849774
prompt_layout_ablation-cache_aware-copy_on_write-seed17-1781443609238,prompt_layout_ablation,cache_aware,copy_on_write,250.0,48,12.488821187769627,11.590788713866603,0.9280930953849774
prompt_layout_ablation-cache_aware-copy_on_write-seed23-1781443610752,prompt_layout_ablation,cache_aware,copy_on_write,25.0,22,6.069099622325289,5.642499745200808,0.9297095279907376
prompt_layout_ablation-cache_aware-copy_on_write-seed23-1781443610752,prompt_layout_ablation,cache_aware,copy_on_write,50.0,22,6.069099622325289,5.642499745200808,0.9297095279907376
prompt_layout_ablation-cache_aware-copy_on_write-seed23-1781443610752,prompt_layout_ablation,cache_aware,copy_on_write,100.0,48,13.241671903255176,12.31090853498358,0.9297095279907376
prompt_layout_ablation-cache_aware-copy_on_write-seed23-1781443610752,prompt_layout_ablation,cache_aware,copy_on_write,150.0,48,13.241671903255176,12.31090853498358,0.9297095279907376
prompt_layout_ablation-cache_aware-copy_on_write-seed23-1781443610752,prompt_layout_ablation,cache_aware,copy_on_write,250.0,48,13.241671903255176,12.31090853498358,0.9297095279907376
prompt_layout_ablation-cache_aware-standard_lora-seed11-1781443359715,prompt_layout_ablation,cache_aware,standard_lora,25.0,22,5.85970659534007,5.422518302855257,0.9253907537226373
prompt_layout_ablation-cache_aware-standard_lora-seed11-1781443359715,prompt_layout_ablation,cache_aware,standard_lora,50.0,22,5.85970659534007,5.422518302855257,0.9253907537226373
prompt_layout_ablation-cache_aware-standard_lora-seed11-1781443359715,prompt_layout_ablation,cache_aware,standard_lora,100.0,48,12.78481438983288,11.830949024411469,0.9253907537226373
prompt_layout_ablation-cache_aware-standard_lora-seed11-1781443359715,prompt_layout_ablation,cache_aware,standard_lora,150.0,48,12.78481438983288,11.830949024411469,0.9253907537226373
prompt_layout_ablation-cache_aware-standard_lora-seed11-1781443359715,prompt_layout_ablation,cache_aware,standard_lora,250.0,48,12.78481438983288,11.830949024411469,0.9253907537226373
prompt_layout_ablation-cache_aware-standard_lora-seed11-1781443448390,prompt_layout_ablation,cache_aware,standard_lora,25.0,0,0.0,0.0,0.9250948908035106
prompt_layout_ablation-cache_aware-standard_lora-seed11-1781443448390,prompt_layout_ablation,cache_aware,standard_lora,50.0,0,0.0,0.0,0.9250948908035106
prompt_layout_ablation-cache_aware-standard_lora-seed11-1781443448390,prompt_layout_ablation,cache_aware,standard_lora,100.0,64,8.953698303473432,8.283020554339332,0.9250948908035106
prompt_layout_ablation-cache_aware-standard_lora-seed11-1781443448390,prompt_layout_ablation,cache_aware,standard_lora,150.0,64,8.953698303473432,8.283020554339332,0.9250948908035106
prompt_layout_ablation-cache_aware-standard_lora-seed11-1781443448390,prompt_layout_ablation,cache_aware,standard_lora,250.0,64,8.953698303473432,8.283020554339332,0.9250948908035106
prompt_layout_ablation-cache_aware-standard_lora-seed11-1781443581105,prompt_layout_ablation,cache_aware,standard_lora,25.0,22,5.85970659534007,5.422518302855257,0.9253907537226373
prompt_layout_ablation-cache_aware-standard_lora-seed11-1781443581105,prompt_layout_ablation,cache_aware,standard_lora,50.0,22,5.85970659534007,5.422518302855257,0.9253907537226373
prompt_layout_ablation-cache_aware-standard_lora-seed11-1781443581105,prompt_layout_ablation,cache_aware,standard_lora,100.0,48,12.78481438983288,11.830949024411469,0.9253907537226373
prompt_layout_ablation-cache_aware-standard_lora-seed11-1781443581105,prompt_layout_ablation,cache_aware,standard_lora,150.0,48,12.78481438983288,11.830949024411469,0.9253907537226373
prompt_layout_ablation-cache_aware-standard_lora-seed11-1781443581105,prompt_layout_ablation,cache_aware,standard_lora,250.0,48,12.78481438983288,11.830949024411469,0.9253907537226373
prompt_layout_ablation-cache_aware-standard_lora-seed17-1781443449539,prompt_layout_ablation,cache_aware,standard_lora,25.0,0,0.0,0.0,0.9294578132264533
prompt_layout_ablation-cache_aware-standard_lora-seed17-1781443449539,prompt_layout_ablation,cache_aware,standard_lora,50.0,0,0.0,0.0,0.9294578132264533
prompt_layout_ablation-cache_aware-standard_lora-seed17-1781443449539,prompt_layout_ablation,cache_aware,standard_lora,100.0,64,8.7720686089973,8.153267706791047,0.9294578132264533
prompt_layout_ablation-cache_aware-standard_lora-seed17-1781443449539,prompt_layout_ablation,cache_aware,standard_lora,150.0,64,8.7720686089973,8.153267706791047,0.9294578132264533
prompt_layout_ablation-cache_aware-standard_lora-seed17-1781443449539,prompt_layout_ablation,cache_aware,standard_lora,250.0,64,8.7720686089973,8.153267706791047,0.9294578132264533
prompt_layout_ablation-cache_aware-standard_lora-seed17-1781443582540,prompt_layout_ablation,cache_aware,standard_lora,25.0,22,5.724043044394413,5.31244482718886,0.9280930953849774
prompt_layout_ablation-cache_aware-standard_lora-seed17-1781443582540,prompt_layout_ablation,cache_aware,standard_lora,50.0,22,5.724043044394413,5.31244482718886,0.9280930953849774
prompt_layout_ablation-cache_aware-standard_lora-seed17-1781443582540,prompt_layout_ablation,cache_aware,standard_lora,100.0,48,12.488821187769627,11.590788713866603,0.9280930953849774
prompt_layout_ablation-cache_aware-standard_lora-seed17-1781443582540,prompt_layout_ablation,cache_aware,standard_lora,150.0,48,12.488821187769627,11.590788713866603,0.9280930953849774
prompt_layout_ablation-cache_aware-standard_lora-seed17-1781443582540,prompt_layout_ablation,cache_aware,standard_lora,250.0,48,12.488821187769627,11.590788713866603,0.9280930953849774
prompt_layout_ablation-cache_aware-standard_lora-seed23-1781443583970,prompt_layout_ablation,cache_aware,standard_lora,25.0,22,6.069099622325289,5.642499745200808,0.9297095279907376
prompt_layout_ablation-cache_aware-standard_lora-seed23-1781443583970,prompt_layout_ablation,cache_aware,standard_lora,50.0,22,6.069099622325289,5.642499745200808,0.9297095279907376
prompt_layout_ablation-cache_aware-standard_lora-seed23-1781443583970,prompt_layout_ablation,cache_aware,standard_lora,100.0,48,13.241671903255176,12.31090853498358,0.9297095279907376
prompt_layout_ablation-cache_aware-standard_lora-seed23-1781443583970,prompt_layout_ablation,cache_aware,standard_lora,150.0,48,13.241671903255176,12.31090853498358,0.9297095279907376
prompt_layout_ablation-cache_aware-standard_lora-seed23-1781443583970,prompt_layout_ablation,cache_aware,standard_lora,250.0,48,13.241671903255176,12.31090853498358,0.9297095279907376
prompt_layout_ablation-multitask-activated_lora-seed11-1781443335682,prompt_layout_ablation,multitask,activated_lora,25.0,22,6.037285874829717,4.907676435311966,0.8128944921711843
prompt_layout_ablation-multitask-activated_lora-seed11-1781443335682,prompt_layout_ablation,multitask,activated_lora,50.0,22,6.037285874829717,4.907676435311966,0.8128944921711843
prompt_layout_ablation-multitask-activated_lora-seed11-1781443335682,prompt_layout_ablation,multitask,activated_lora,100.0,48,13.172260090537565,10.707657677044292,0.8128944921711843
prompt_layout_ablation-multitask-activated_lora-seed11-1781443335682,prompt_layout_ablation,multitask,activated_lora,150.0,48,13.172260090537565,10.707657677044292,0.8128944921711843
prompt_layout_ablation-multitask-activated_lora-seed11-1781443335682,prompt_layout_ablation,multitask,activated_lora,250.0,48,13.172260090537565,10.707657677044292,0.8128944921711843
prompt_layout_ablation-multitask-activated_lora-seed11-1781443435204,prompt_layout_ablation,multitask,activated_lora,25.0,0,0.0,0.0,0.8154575615813464
prompt_layout_ablation-multitask-activated_lora-seed11-1781443435204,prompt_layout_ablation,multitask,activated_lora,50.0,0,0.0,0.0,0.8154575615813464
prompt_layout_ablation-multitask-activated_lora-seed11-1781443435204,prompt_layout_ablation,multitask,activated_lora,100.0,64,8.950992906207267,7.299154849027707,0.8154575615813464
prompt_layout_ablation-multitask-activated_lora-seed11-1781443435204,prompt_layout_ablation,multitask,activated_lora,150.0,64,8.950992906207267,7.299154849027707,0.8154575615813464
prompt_layout_ablation-multitask-activated_lora-seed11-1781443435204,prompt_layout_ablation,multitask,activated_lora,250.0,64,8.950992906207267,7.299154849027707,0.8154575615813464
prompt_layout_ablation-multitask-activated_lora-seed11-1781443555643,prompt_layout_ablation,multitask,activated_lora,25.0,22,6.037285874829717,4.907676435311966,0.8128944921711843
prompt_layout_ablation-multitask-activated_lora-seed11-1781443555643,prompt_layout_ablation,multitask,activated_lora,50.0,22,6.037285874829717,4.907676435311966,0.8128944921711843
prompt_layout_ablation-multitask-activated_lora-seed11-1781443555643,prompt_layout_ablation,multitask,activated_lora,100.0,48,13.172260090537565,10.707657677044292,0.8128944921711843
prompt_layout_ablation-multitask-activated_lora-seed11-1781443555643,prompt_layout_ablation,multitask,activated_lora,150.0,48,13.172260090537565,10.707657677044292,0.8128944921711843
prompt_layout_ablation-multitask-activated_lora-seed11-1781443555643,prompt_layout_ablation,multitask,activated_lora,250.0,48,13.172260090537565,10.707657677044292,0.8128944921711843
prompt_layout_ablation-multitask-activated_lora-seed17-1781443436309,prompt_layout_ablation,multitask,activated_lora,25.0,0,0.0,0.0,0.8121166089443002
prompt_layout_ablation-multitask-activated_lora-seed17-1781443436309,prompt_layout_ablation,multitask,activated_lora,50.0,0,0.0,0.0,0.8121166089443002
prompt_layout_ablation-multitask-activated_lora-seed17-1781443436309,prompt_layout_ablation,multitask,activated_lora,100.0,64,9.004329663368996,7.3125656720318,0.8121166089443002
prompt_layout_ablation-multitask-activated_lora-seed17-1781443436309,prompt_layout_ablation,multitask,activated_lora,150.0,64,9.004329663368996,7.3125656720318,0.8121166089443002
prompt_layout_ablation-multitask-activated_lora-seed17-1781443436309,prompt_layout_ablation,multitask,activated_lora,250.0,64,9.004329663368996,7.3125656720318,0.8121166089443002
prompt_layout_ablation-multitask-activated_lora-seed17-1781443557025,prompt_layout_ablation,multitask,activated_lora,25.0,22,5.957900015724389,4.840282005188339,0.8124141043679188
prompt_layout_ablation-multitask-activated_lora-seed17-1781443557025,prompt_layout_ablation,multitask,activated_lora,50.0,22,5.957900015724389,4.840282005188339,0.8124141043679188
prompt_layout_ablation-multitask-activated_lora-seed17-1781443557025,prompt_layout_ablation,multitask,activated_lora,100.0,48,12.999054579762305,10.560615284047287,0.8124141043679188
prompt_layout_ablation-multitask-activated_lora-seed17-1781443557025,prompt_layout_ablation,multitask,activated_lora,150.0,48,12.999054579762305,10.560615284047287,0.8124141043679188
prompt_layout_ablation-multitask-activated_lora-seed17-1781443557025,prompt_layout_ablation,multitask,activated_lora,250.0,48,12.999054579762305,10.560615284047287,0.8124141043679188
prompt_layout_ablation-multitask-activated_lora-seed23-1781443558415,prompt_layout_ablation,multitask,activated_lora,25.0,22,6.067913317110095,4.924507028482705,0.8115651577613588
prompt_layout_ablation-multitask-activated_lora-seed23-1781443558415,prompt_layout_ablation,multitask,activated_lora,50.0,22,6.067913317110095,4.924507028482705,0.8115651577613588
prompt_layout_ablation-multitask-activated_lora-seed23-1781443558415,prompt_layout_ablation,multitask,activated_lora,100.0,48,13.239083600967481,10.744378971234992,0.8115651577613588
prompt_layout_ablation-multitask-activated_lora-seed23-1781443558415,prompt_layout_ablation,multitask,activated_lora,150.0,48,13.239083600967481,10.744378971234992,0.8115651577613588
prompt_layout_ablation-multitask-activated_lora-seed23-1781443558415,prompt_layout_ablation,multitask,activated_lora,250.0,48,13.239083600967481,10.744378971234992,0.8115651577613588
prompt_layout_ablation-multitask-base_shared-seed11-1781443331999,prompt_layout_ablation,multitask,base_shared,25.0,22,6.024555687096576,4.897328135819391,0.8128944921711843
prompt_layout_ablation-multitask-base_shared-seed11-1781443331999,prompt_layout_ablation,multitask,base_shared,50.0,22,6.024555687096576,4.897328135819391,0.8128944921711843
prompt_layout_ablation-multitask-base_shared-seed11-1781443331999,prompt_layout_ablation,multitask,base_shared,100.0,48,13.144485135483439,10.685079569060491,0.8128944921711843
prompt_layout_ablation-multitask-base_shared-seed11-1781443331999,prompt_layout_ablation,multitask,base_shared,150.0,48,13.144485135483439,10.685079569060491,0.8128944921711843
prompt_layout_ablation-multitask-base_shared-seed11-1781443331999,prompt_layout_ablation,multitask,base_shared,250.0,48,13.144485135483439,10.685079569060491,0.8128944921711843
prompt_layout_ablation-multitask-base_shared-seed11-1781443428726,prompt_layout_ablation,multitask,base_shared,25.0,0,0.0,0.0,0.8154575615813464
prompt_layout_ablation-multitask-base_shared-seed11-1781443428726,prompt_layout_ablation,multitask,base_shared,50.0,0,0.0,0.0,0.8154575615813464
prompt_layout_ablation-multitask-base_shared-seed11-1781443428726,prompt_layout_ablation,multitask,base_shared,100.0,64,8.950992906207267,7.299154849027707,0.8154575615813464
prompt_layout_ablation-multitask-base_shared-seed11-1781443428726,prompt_layout_ablation,multitask,base_shared,150.0,64,8.950992906207267,7.299154849027707,0.8154575615813464
prompt_layout_ablation-multitask-base_shared-seed11-1781443428726,prompt_layout_ablation,multitask,base_shared,250.0,64,8.950992906207267,7.299154849027707,0.8154575615813464
prompt_layout_ablation-multitask-base_shared-seed17-1781443429809,prompt_layout_ablation,multitask,base_shared,25.0,0,0.0,0.0,0.8121166089443002
prompt_layout_ablation-multitask-base_shared-seed17-1781443429809,prompt_layout_ablation,multitask,base_shared,50.0,0,0.0,0.0,0.8121166089443002
prompt_layout_ablation-multitask-base_shared-seed17-1781443429809,prompt_layout_ablation,multitask,base_shared,100.0,64,9.004329663368996,7.3125656720318,0.8121166089443002
prompt_layout_ablation-multitask-base_shared-seed17-1781443429809,prompt_layout_ablation,multitask,base_shared,150.0,64,9.004329663368996,7.3125656720318,0.8121166089443002
prompt_layout_ablation-multitask-base_shared-seed17-1781443429809,prompt_layout_ablation,multitask,base_shared,250.0,64,9.004329663368996,7.3125656720318,0.8121166089443002
prompt_layout_ablation-multitask-copy_on_write-seed11-1781443339426,prompt_layout_ablation,multitask,copy_on_write,25.0,22,6.024555687096576,4.897328135819391,0.8128944921711843
prompt_layout_ablation-multitask-copy_on_write-seed11-1781443339426,prompt_layout_ablation,multitask,copy_on_write,50.0,22,6.024555687096576,4.897328135819391,0.8128944921711843
prompt_layout_ablation-multitask-copy_on_write-seed11-1781443339426,prompt_layout_ablation,multitask,copy_on_write,100.0,48,13.144485135483439,10.685079569060491,0.8128944921711843
prompt_layout_ablation-multitask-copy_on_write-seed11-1781443339426,prompt_layout_ablation,multitask,copy_on_write,150.0,48,13.144485135483439,10.685079569060491,0.8128944921711843
prompt_layout_ablation-multitask-copy_on_write-seed11-1781443339426,prompt_layout_ablation,multitask,copy_on_write,250.0,48,13.144485135483439,10.685079569060491,0.8128944921711843
prompt_layout_ablation-multitask-copy_on_write-seed11-1781443441766,prompt_layout_ablation,multitask,copy_on_write,25.0,0,0.0,0.0,0.8154575615813464
prompt_layout_ablation-multitask-copy_on_write-seed11-1781443441766,prompt_layout_ablation,multitask,copy_on_write,50.0,0,0.0,0.0,0.8154575615813464
prompt_layout_ablation-multitask-copy_on_write-seed11-1781443441766,prompt_layout_ablation,multitask,copy_on_write,100.0,64,8.950992906207267,7.299154849027707,0.8154575615813464
prompt_layout_ablation-multitask-copy_on_write-seed11-1781443441766,prompt_layout_ablation,multitask,copy_on_write,150.0,64,8.950992906207267,7.299154849027707,0.8154575615813464
prompt_layout_ablation-multitask-copy_on_write-seed11-1781443441766,prompt_layout_ablation,multitask,copy_on_write,250.0,64,8.950992906207267,7.299154849027707,0.8154575615813464
prompt_layout_ablation-multitask-copy_on_write-seed11-1781443568285,prompt_layout_ablation,multitask,copy_on_write,25.0,22,6.024555687096576,4.897328135819391,0.8128944921711843
prompt_layout_ablation-multitask-copy_on_write-seed11-1781443568285,prompt_layout_ablation,multitask,copy_on_write,50.0,22,6.024555687096576,4.897328135819391,0.8128944921711843
prompt_layout_ablation-multitask-copy_on_write-seed11-1781443568285,prompt_layout_ablation,multitask,copy_on_write,100.0,48,13.144485135483439,10.685079569060491,0.8128944921711843
prompt_layout_ablation-multitask-copy_on_write-seed11-1781443568285,prompt_layout_ablation,multitask,copy_on_write,150.0,48,13.144485135483439,10.685079569060491,0.8128944921711843
prompt_layout_ablation-multitask-copy_on_write-seed11-1781443568285,prompt_layout_ablation,multitask,copy_on_write,250.0,48,13.144485135483439,10.685079569060491,0.8128944921711843
prompt_layout_ablation-multitask-copy_on_write-seed17-1781443442862,prompt_layout_ablation,multitask,copy_on_write,25.0,0,0.0,0.0,0.8121166089443002
prompt_layout_ablation-multitask-copy_on_write-seed17-1781443442862,prompt_layout_ablation,multitask,copy_on_write,50.0,0,0.0,0.0,0.8121166089443002
prompt_layout_ablation-multitask-copy_on_write-seed17-1781443442862,prompt_layout_ablation,multitask,copy_on_write,100.0,64,9.004329663368996,7.3125656720318,0.8121166089443002
prompt_layout_ablation-multitask-copy_on_write-seed17-1781443442862,prompt_layout_ablation,multitask,copy_on_write,150.0,64,9.004329663368996,7.3125656720318,0.8121166089443002
prompt_layout_ablation-multitask-copy_on_write-seed17-1781443442862,prompt_layout_ablation,multitask,copy_on_write,250.0,64,9.004329663368996,7.3125656720318,0.8121166089443002
prompt_layout_ablation-multitask-copy_on_write-seed17-1781443569697,prompt_layout_ablation,multitask,copy_on_write,25.0,22,5.94550206832117,4.830209737852752,0.8124141043679188
prompt_layout_ablation-multitask-copy_on_write-seed17-1781443569697,prompt_layout_ablation,multitask,copy_on_write,50.0,22,5.94550206832117,4.830209737852752,0.8124141043679188
prompt_layout_ablation-multitask-copy_on_write-seed17-1781443569697,prompt_layout_ablation,multitask,copy_on_write,100.0,48,12.972004512700735,10.53863942804237,0.8124141043679188
prompt_layout_ablation-multitask-copy_on_write-seed17-1781443569697,prompt_layout_ablation,multitask,copy_on_write,150.0,48,12.972004512700735,10.53863942804237,0.8124141043679188
prompt_layout_ablation-multitask-copy_on_write-seed17-1781443569697,prompt_layout_ablation,multitask,copy_on_write,250.0,48,12.972004512700735,10.53863942804237,0.8124141043679188
prompt_layout_ablation-multitask-copy_on_write-seed23-1781443571110,prompt_layout_ablation,multitask,copy_on_write,25.0,22,6.055053777601572,4.914070674272732,0.8115651577613588
prompt_layout_ablation-multitask-copy_on_write-seed23-1781443571110,prompt_layout_ablation,multitask,copy_on_write,50.0,22,6.055053777601572,4.914070674272732,0.8115651577613588
prompt_layout_ablation-multitask-copy_on_write-seed23-1781443571110,prompt_layout_ablation,multitask,copy_on_write,100.0,48,13.211026423857975,10.721608743867778,0.8115651577613588
prompt_layout_ablation-multitask-copy_on_write-seed23-1781443571110,prompt_layout_ablation,multitask,copy_on_write,150.0,48,13.211026423857975,10.721608743867778,0.8115651577613588
prompt_layout_ablation-multitask-copy_on_write-seed23-1781443571110,prompt_layout_ablation,multitask,copy_on_write,250.0,48,13.211026423857975,10.721608743867778,0.8115651577613588
prompt_layout_ablation-multitask-standard_lora-seed11-1781443328368,prompt_layout_ablation,multitask,standard_lora,25.0,22,6.024555687096576,4.897328135819391,0.8128944921711843
prompt_layout_ablation-multitask-standard_lora-seed11-1781443328368,prompt_layout_ablation,multitask,standard_lora,50.0,22,6.024555687096576,4.897328135819391,0.8128944921711843
prompt_layout_ablation-multitask-standard_lora-seed11-1781443328368,prompt_layout_ablation,multitask,standard_lora,100.0,48,13.144485135483439,10.685079569060491,0.8128944921711843
prompt_layout_ablation-multitask-standard_lora-seed11-1781443328368,prompt_layout_ablation,multitask,standard_lora,150.0,48,13.144485135483439,10.685079569060491,0.8128944921711843
prompt_layout_ablation-multitask-standard_lora-seed11-1781443328368,prompt_layout_ablation,multitask,standard_lora,250.0,48,13.144485135483439,10.685079569060491,0.8128944921711843
prompt_layout_ablation-multitask-standard_lora-seed11-1781443422421,prompt_layout_ablation,multitask,standard_lora,25.0,0,0.0,0.0,0.8154575615813464
prompt_layout_ablation-multitask-standard_lora-seed11-1781443422421,prompt_layout_ablation,multitask,standard_lora,50.0,0,0.0,0.0,0.8154575615813464
prompt_layout_ablation-multitask-standard_lora-seed11-1781443422421,prompt_layout_ablation,multitask,standard_lora,100.0,64,8.950992906207267,7.299154849027707,0.8154575615813464
prompt_layout_ablation-multitask-standard_lora-seed11-1781443422421,prompt_layout_ablation,multitask,standard_lora,150.0,64,8.950992906207267,7.299154849027707,0.8154575615813464
prompt_layout_ablation-multitask-standard_lora-seed11-1781443422421,prompt_layout_ablation,multitask,standard_lora,250.0,64,8.950992906207267,7.299154849027707,0.8154575615813464
prompt_layout_ablation-multitask-standard_lora-seed11-1781443543320,prompt_layout_ablation,multitask,standard_lora,25.0,22,6.024555687096576,4.897328135819391,0.8128944921711843
prompt_layout_ablation-multitask-standard_lora-seed11-1781443543320,prompt_layout_ablation,multitask,standard_lora,50.0,22,6.024555687096576,4.897328135819391,0.8128944921711843
prompt_layout_ablation-multitask-standard_lora-seed11-1781443543320,prompt_layout_ablation,multitask,standard_lora,100.0,48,13.144485135483439,10.685079569060491,0.8128944921711843
prompt_layout_ablation-multitask-standard_lora-seed11-1781443543320,prompt_layout_ablation,multitask,standard_lora,150.0,48,13.144485135483439,10.685079569060491,0.8128944921711843
prompt_layout_ablation-multitask-standard_lora-seed11-1781443543320,prompt_layout_ablation,multitask,standard_lora,250.0,48,13.144485135483439,10.685079569060491,0.8128944921711843
prompt_layout_ablation-multitask-standard_lora-seed17-1781443423480,prompt_layout_ablation,multitask,standard_lora,25.0,0,0.0,0.0,0.8121166089443002
prompt_layout_ablation-multitask-standard_lora-seed17-1781443423480,prompt_layout_ablation,multitask,standard_lora,50.0,0,0.0,0.0,0.8121166089443002
prompt_layout_ablation-multitask-standard_lora-seed17-1781443423480,prompt_layout_ablation,multitask,standard_lora,100.0,64,9.004329663368996,7.3125656720318,0.8121166089443002
prompt_layout_ablation-multitask-standard_lora-seed17-1781443423480,prompt_layout_ablation,multitask,standard_lora,150.0,64,9.004329663368996,7.3125656720318,0.8121166089443002
prompt_layout_ablation-multitask-standard_lora-seed17-1781443423480,prompt_layout_ablation,multitask,standard_lora,250.0,64,9.004329663368996,7.3125656720318,0.8121166089443002
prompt_layout_ablation-multitask-standard_lora-seed17-1781443544647,prompt_layout_ablation,multitask,standard_lora,25.0,22,5.94550206832117,4.830209737852752,0.8124141043679188
prompt_layout_ablation-multitask-standard_lora-seed17-1781443544647,prompt_layout_ablation,multitask,standard_lora,50.0,22,5.94550206832117,4.830209737852752,0.8124141043679188
prompt_layout_ablation-multitask-standard_lora-seed17-1781443544647,prompt_layout_ablation,multitask,standard_lora,100.0,48,12.972004512700735,10.53863942804237,0.8124141043679188
prompt_layout_ablation-multitask-standard_lora-seed17-1781443544647,prompt_layout_ablation,multitask,standard_lora,150.0,48,12.972004512700735,10.53863942804237,0.8124141043679188
prompt_layout_ablation-multitask-standard_lora-seed17-1781443544647,prompt_layout_ablation,multitask,standard_lora,250.0,48,12.972004512700735,10.53863942804237,0.8124141043679188
prompt_layout_ablation-multitask-standard_lora-seed23-1781443546000,prompt_layout_ablation,multitask,standard_lora,25.0,22,6.055053777601572,4.914070674272732,0.8115651577613588
prompt_layout_ablation-multitask-standard_lora-seed23-1781443546000,prompt_layout_ablation,multitask,standard_lora,50.0,22,6.055053777601572,4.914070674272732,0.8115651577613588
prompt_layout_ablation-multitask-standard_lora-seed23-1781443546000,prompt_layout_ablation,multitask,standard_lora,100.0,48,13.211026423857975,10.721608743867778,0.8115651577613588
prompt_layout_ablation-multitask-standard_lora-seed23-1781443546000,prompt_layout_ablation,multitask,standard_lora,150.0,48,13.211026423857975,10.721608743867778,0.8115651577613588
prompt_layout_ablation-multitask-standard_lora-seed23-1781443546000,prompt_layout_ablation,multitask,standard_lora,250.0,48,13.211026423857975,10.721608743867778,0.8115651577613588
prompt_layout_ablation-oracle-activated_lora-seed11-1781443387478,prompt_layout_ablation,oracle,activated_lora,25.0,22,5.871748949455927,5.433662186007124,0.9253907537226373
prompt_layout_ablation-oracle-activated_lora-seed11-1781443387478,prompt_layout_ablation,oracle,activated_lora,50.0,22,5.871748949455927,5.433662186007124,0.9253907537226373
prompt_layout_ablation-oracle-activated_lora-seed11-1781443387478,prompt_layout_ablation,oracle,activated_lora,100.0,48,12.81108861699475,11.855262951288271,0.9253907537226373
prompt_layout_ablation-oracle-activated_lora-seed11-1781443387478,prompt_layout_ablation,oracle,activated_lora,150.0,48,12.81108861699475,11.855262951288271,0.9253907537226373
prompt_layout_ablation-oracle-activated_lora-seed11-1781443387478,prompt_layout_ablation,oracle,activated_lora,250.0,48,12.81108861699475,11.855262951288271,0.9253907537226373
prompt_layout_ablation-oracle-activated_lora-seed11-1781443490724,prompt_layout_ablation,oracle,activated_lora,25.0,0,0.0,0.0,0.9250948908035106
prompt_layout_ablation-oracle-activated_lora-seed11-1781443490724,prompt_layout_ablation,oracle,activated_lora,50.0,0,0.0,0.0,0.9250948908035106
prompt_layout_ablation-oracle-activated_lora-seed11-1781443490724,prompt_layout_ablation,oracle,activated_lora,100.0,64,8.953698303473432,8.283020554339332,0.9250948908035106
prompt_layout_ablation-oracle-activated_lora-seed11-1781443490724,prompt_layout_ablation,oracle,activated_lora,150.0,64,8.953698303473432,8.283020554339332,0.9250948908035106
prompt_layout_ablation-oracle-activated_lora-seed11-1781443490724,prompt_layout_ablation,oracle,activated_lora,250.0,64,8.953698303473432,8.283020554339332,0.9250948908035106
prompt_layout_ablation-oracle-activated_lora-seed11-1781443634648,prompt_layout_ablation,oracle,activated_lora,25.0,22,5.871748949455927,5.433662186007124,0.9253907537226373
prompt_layout_ablation-oracle-activated_lora-seed11-1781443634648,prompt_layout_ablation,oracle,activated_lora,50.0,22,5.871748949455927,5.433662186007124,0.9253907537226373
prompt_layout_ablation-oracle-activated_lora-seed11-1781443634648,prompt_layout_ablation,oracle,activated_lora,100.0,48,12.81108861699475,11.855262951288271,0.9253907537226373
prompt_layout_ablation-oracle-activated_lora-seed11-1781443634648,prompt_layout_ablation,oracle,activated_lora,150.0,48,12.81108861699475,11.855262951288271,0.9253907537226373
prompt_layout_ablation-oracle-activated_lora-seed11-1781443634648,prompt_layout_ablation,oracle,activated_lora,250.0,48,12.81108861699475,11.855262951288271,0.9253907537226373
prompt_layout_ablation-oracle-activated_lora-seed17-1781443491945,prompt_layout_ablation,oracle,activated_lora,25.0,0,0.0,0.0,0.9294578132264533
prompt_layout_ablation-oracle-activated_lora-seed17-1781443491945,prompt_layout_ablation,oracle,activated_lora,50.0,0,0.0,0.0,0.9294578132264533
prompt_layout_ablation-oracle-activated_lora-seed17-1781443491945,prompt_layout_ablation,oracle,activated_lora,100.0,64,8.7720686089973,8.153267706791047,0.9294578132264533
prompt_layout_ablation-oracle-activated_lora-seed17-1781443491945,prompt_layout_ablation,oracle,activated_lora,150.0,64,8.7720686089973,8.153267706791047,0.9294578132264533
prompt_layout_ablation-oracle-activated_lora-seed17-1781443491945,prompt_layout_ablation,oracle,activated_lora,250.0,64,8.7720686089973,8.153267706791047,0.9294578132264533
prompt_layout_ablation-oracle-activated_lora-seed17-1781443636105,prompt_layout_ablation,oracle,activated_lora,25.0,22,5.735533699015922,5.323109224404536,0.9280930953849774
prompt_layout_ablation-oracle-activated_lora-seed17-1781443636105,prompt_layout_ablation,oracle,activated_lora,50.0,22,5.735533699015922,5.323109224404536,0.9280930953849774
prompt_layout_ablation-oracle-activated_lora-seed17-1781443636105,prompt_layout_ablation,oracle,activated_lora,100.0,48,12.513891706943829,11.614056489609897,0.9280930953849774
prompt_layout_ablation-oracle-activated_lora-seed17-1781443636105,prompt_layout_ablation,oracle,activated_lora,150.0,48,12.513891706943829,11.614056489609897,0.9280930953849774
prompt_layout_ablation-oracle-activated_lora-seed17-1781443636105,prompt_layout_ablation,oracle,activated_lora,250.0,48,12.513891706943829,11.614056489609897,0.9280930953849774
prompt_layout_ablation-oracle-activated_lora-seed23-1781443637608,prompt_layout_ablation,oracle,activated_lora,25.0,22,6.082018954955162,5.6545109718420825,0.9297095279907376
prompt_layout_ablation-oracle-activated_lora-seed23-1781443637608,prompt_layout_ablation,oracle,activated_lora,50.0,22,6.082018954955162,5.6545109718420825,0.9297095279907376
prompt_layout_ablation-oracle-activated_lora-seed23-1781443637608,prompt_layout_ablation,oracle,activated_lora,100.0,48,13.269859538083988,12.337114847655451,0.9297095279907376
prompt_layout_ablation-oracle-activated_lora-seed23-1781443637608,prompt_layout_ablation,oracle,activated_lora,150.0,48,13.269859538083988,12.337114847655451,0.9297095279907376
prompt_layout_ablation-oracle-activated_lora-seed23-1781443637608,prompt_layout_ablation,oracle,activated_lora,250.0,48,13.269859538083988,12.337114847655451,0.9297095279907376
prompt_layout_ablation-oracle-base_shared-seed11-1781443382571,prompt_layout_ablation,oracle,base_shared,25.0,22,5.85970659534007,5.422518302855257,0.9253907537226373
prompt_layout_ablation-oracle-base_shared-seed11-1781443382571,prompt_layout_ablation,oracle,base_shared,50.0,22,5.85970659534007,5.422518302855257,0.9253907537226373
prompt_layout_ablation-oracle-base_shared-seed11-1781443382571,prompt_layout_ablation,oracle,base_shared,100.0,48,12.78481438983288,11.830949024411469,0.9253907537226373
prompt_layout_ablation-oracle-base_shared-seed11-1781443382571,prompt_layout_ablation,oracle,base_shared,150.0,48,12.78481438983288,11.830949024411469,0.9253907537226373
prompt_layout_ablation-oracle-base_shared-seed11-1781443382571,prompt_layout_ablation,oracle,base_shared,250.0,48,12.78481438983288,11.830949024411469,0.9253907537226373
prompt_layout_ablation-oracle-base_shared-seed11-1781443483420,prompt_layout_ablation,oracle,base_shared,25.0,0,0.0,0.0,0.9250948908035106
prompt_layout_ablation-oracle-base_shared-seed11-1781443483420,prompt_layout_ablation,oracle,base_shared,50.0,0,0.0,0.0,0.9250948908035106
prompt_layout_ablation-oracle-base_shared-seed11-1781443483420,prompt_layout_ablation,oracle,base_shared,100.0,64,8.953698303473432,8.283020554339332,0.9250948908035106
prompt_layout_ablation-oracle-base_shared-seed11-1781443483420,prompt_layout_ablation,oracle,base_shared,150.0,64,8.953698303473432,8.283020554339332,0.9250948908035106
prompt_layout_ablation-oracle-base_shared-seed11-1781443483420,prompt_layout_ablation,oracle,base_shared,250.0,64,8.953698303473432,8.283020554339332,0.9250948908035106
prompt_layout_ablation-oracle-base_shared-seed17-1781443484612,prompt_layout_ablation,oracle,base_shared,25.0,0,0.0,0.0,0.9294578132264533
prompt_layout_ablation-oracle-base_shared-seed17-1781443484612,prompt_layout_ablation,oracle,base_shared,50.0,0,0.0,0.0,0.9294578132264533
prompt_layout_ablation-oracle-base_shared-seed17-1781443484612,prompt_layout_ablation,oracle,base_shared,100.0,64,8.7720686089973,8.153267706791047,0.9294578132264533
prompt_layout_ablation-oracle-base_shared-seed17-1781443484612,prompt_layout_ablation,oracle,base_shared,150.0,64,8.7720686089973,8.153267706791047,0.9294578132264533
prompt_layout_ablation-oracle-base_shared-seed17-1781443484612,prompt_layout_ablation,oracle,base_shared,250.0,64,8.7720686089973,8.153267706791047,0.9294578132264533
prompt_layout_ablation-oracle-copy_on_write-seed11-1781443392318,prompt_layout_ablation,oracle,copy_on_write,25.0,22,5.85970659534007,5.422518302855257,0.9253907537226373
prompt_layout_ablation-oracle-copy_on_write-seed11-1781443392318,prompt_layout_ablation,oracle,copy_on_write,50.0,22,5.85970659534007,5.422518302855257,0.9253907537226373
prompt_layout_ablation-oracle-copy_on_write-seed11-1781443392318,prompt_layout_ablation,oracle,copy_on_write,100.0,48,12.78481438983288,11.830949024411469,0.9253907537226373
prompt_layout_ablation-oracle-copy_on_write-seed11-1781443392318,prompt_layout_ablation,oracle,copy_on_write,150.0,48,12.78481438983288,11.830949024411469,0.9253907537226373
prompt_layout_ablation-oracle-copy_on_write-seed11-1781443392318,prompt_layout_ablation,oracle,copy_on_write,250.0,48,12.78481438983288,11.830949024411469,0.9253907537226373
prompt_layout_ablation-oracle-copy_on_write-seed11-1781443498164,prompt_layout_ablation,oracle,copy_on_write,25.0,0,0.0,0.0,0.9250948908035106
prompt_layout_ablation-oracle-copy_on_write-seed11-1781443498164,prompt_layout_ablation,oracle,copy_on_write,50.0,0,0.0,0.0,0.9250948908035106
prompt_layout_ablation-oracle-copy_on_write-seed11-1781443498164,prompt_layout_ablation,oracle,copy_on_write,100.0,64,8.953698303473432,8.283020554339332,0.9250948908035106
prompt_layout_ablation-oracle-copy_on_write-seed11-1781443498164,prompt_layout_ablation,oracle,copy_on_write,150.0,64,8.953698303473432,8.283020554339332,0.9250948908035106
prompt_layout_ablation-oracle-copy_on_write-seed11-1781443498164,prompt_layout_ablation,oracle,copy_on_write,250.0,64,8.953698303473432,8.283020554339332,0.9250948908035106
prompt_layout_ablation-oracle-copy_on_write-seed11-1781443648207,prompt_layout_ablation,oracle,copy_on_write,25.0,22,5.85970659534007,5.422518302855257,0.9253907537226373
prompt_layout_ablation-oracle-copy_on_write-seed11-1781443648207,prompt_layout_ablation,oracle,copy_on_write,50.0,22,5.85970659534007,5.422518302855257,0.9253907537226373
prompt_layout_ablation-oracle-copy_on_write-seed11-1781443648207,prompt_layout_ablation,oracle,copy_on_write,100.0,48,12.78481438983288,11.830949024411469,0.9253907537226373
prompt_layout_ablation-oracle-copy_on_write-seed11-1781443648207,prompt_layout_ablation,oracle,copy_on_write,150.0,48,12.78481438983288,11.830949024411469,0.9253907537226373
prompt_layout_ablation-oracle-copy_on_write-seed11-1781443648207,prompt_layout_ablation,oracle,copy_on_write,250.0,48,12.78481438983288,11.830949024411469,0.9253907537226373
prompt_layout_ablation-oracle-copy_on_write-seed17-1781443499391,prompt_layout_ablation,oracle,copy_on_write,25.0,0,0.0,0.0,0.9294578132264533
prompt_layout_ablation-oracle-copy_on_write-seed17-1781443499391,prompt_layout_ablation,oracle,copy_on_write,50.0,0,0.0,0.0,0.9294578132264533
prompt_layout_ablation-oracle-copy_on_write-seed17-1781443499391,prompt_layout_ablation,oracle,copy_on_write,100.0,64,8.7720686089973,8.153267706791047,0.9294578132264533
prompt_layout_ablation-oracle-copy_on_write-seed17-1781443499391,prompt_layout_ablation,oracle,copy_on_write,150.0,64,8.7720686089973,8.153267706791047,0.9294578132264533
prompt_layout_ablation-oracle-copy_on_write-seed17-1781443499391,prompt_layout_ablation,oracle,copy_on_write,250.0,64,8.7720686089973,8.153267706791047,0.9294578132264533
prompt_layout_ablation-oracle-copy_on_write-seed17-1781443649722,prompt_layout_ablation,oracle,copy_on_write,25.0,22,5.724043044394413,5.31244482718886,0.9280930953849774
prompt_layout_ablation-oracle-copy_on_write-seed17-1781443649722,prompt_layout_ablation,oracle,copy_on_write,50.0,22,5.724043044394413,5.31244482718886,0.9280930953849774
prompt_layout_ablation-oracle-copy_on_write-seed17-1781443649722,prompt_layout_ablation,oracle,copy_on_write,100.0,48,12.488821187769627,11.590788713866603,0.9280930953849774
prompt_layout_ablation-oracle-copy_on_write-seed17-1781443649722,prompt_layout_ablation,oracle,copy_on_write,150.0,48,12.488821187769627,11.590788713866603,0.9280930953849774
prompt_layout_ablation-oracle-copy_on_write-seed17-1781443649722,prompt_layout_ablation,oracle,copy_on_write,250.0,48,12.488821187769627,11.590788713866603,0.9280930953849774
prompt_layout_ablation-oracle-copy_on_write-seed23-1781443651222,prompt_layout_ablation,oracle,copy_on_write,25.0,22,6.069099622325289,5.642499745200808,0.9297095279907376
prompt_layout_ablation-oracle-copy_on_write-seed23-1781443651222,prompt_layout_ablation,oracle,copy_on_write,50.0,22,6.069099622325289,5.642499745200808,0.9297095279907376
prompt_layout_ablation-oracle-copy_on_write-seed23-1781443651222,prompt_layout_ablation,oracle,copy_on_write,100.0,48,13.241671903255176,12.31090853498358,0.9297095279907376
prompt_layout_ablation-oracle-copy_on_write-seed23-1781443651222,prompt_layout_ablation,oracle,copy_on_write,150.0,48,13.241671903255176,12.31090853498358,0.9297095279907376
prompt_layout_ablation-oracle-copy_on_write-seed23-1781443651222,prompt_layout_ablation,oracle,copy_on_write,250.0,48,13.241671903255176,12.31090853498358,0.9297095279907376
prompt_layout_ablation-oracle-standard_lora-seed11-1781443377774,prompt_layout_ablation,oracle,standard_lora,25.0,22,5.85970659534007,5.422518302855257,0.9253907537226373
prompt_layout_ablation-oracle-standard_lora-seed11-1781443377774,prompt_layout_ablation,oracle,standard_lora,50.0,22,5.85970659534007,5.422518302855257,0.9253907537226373
prompt_layout_ablation-oracle-standard_lora-seed11-1781443377774,prompt_layout_ablation,oracle,standard_lora,100.0,48,12.78481438983288,11.830949024411469,0.9253907537226373
prompt_layout_ablation-oracle-standard_lora-seed11-1781443377774,prompt_layout_ablation,oracle,standard_lora,150.0,48,12.78481438983288,11.830949024411469,0.9253907537226373
prompt_layout_ablation-oracle-standard_lora-seed11-1781443377774,prompt_layout_ablation,oracle,standard_lora,250.0,48,12.78481438983288,11.830949024411469,0.9253907537226373
prompt_layout_ablation-oracle-standard_lora-seed11-1781443476256,prompt_layout_ablation,oracle,standard_lora,25.0,0,0.0,0.0,0.9250948908035106
prompt_layout_ablation-oracle-standard_lora-seed11-1781443476256,prompt_layout_ablation,oracle,standard_lora,50.0,0,0.0,0.0,0.9250948908035106
prompt_layout_ablation-oracle-standard_lora-seed11-1781443476256,prompt_layout_ablation,oracle,standard_lora,100.0,64,8.953698303473432,8.283020554339332,0.9250948908035106
prompt_layout_ablation-oracle-standard_lora-seed11-1781443476256,prompt_layout_ablation,oracle,standard_lora,150.0,64,8.953698303473432,8.283020554339332,0.9250948908035106
prompt_layout_ablation-oracle-standard_lora-seed11-1781443476256,prompt_layout_ablation,oracle,standard_lora,250.0,64,8.953698303473432,8.283020554339332,0.9250948908035106
prompt_layout_ablation-oracle-standard_lora-seed11-1781443621214,prompt_layout_ablation,oracle,standard_lora,25.0,22,5.85970659534007,5.422518302855257,0.9253907537226373
prompt_layout_ablation-oracle-standard_lora-seed11-1781443621214,prompt_layout_ablation,oracle,standard_lora,50.0,22,5.85970659534007,5.422518302855257,0.9253907537226373
prompt_layout_ablation-oracle-standard_lora-seed11-1781443621214,prompt_layout_ablation,oracle,standard_lora,100.0,48,12.78481438983288,11.830949024411469,0.9253907537226373
prompt_layout_ablation-oracle-standard_lora-seed11-1781443621214,prompt_layout_ablation,oracle,standard_lora,150.0,48,12.78481438983288,11.830949024411469,0.9253907537226373
prompt_layout_ablation-oracle-standard_lora-seed11-1781443621214,prompt_layout_ablation,oracle,standard_lora,250.0,48,12.78481438983288,11.830949024411469,0.9253907537226373
prompt_layout_ablation-oracle-standard_lora-seed17-1781443477418,prompt_layout_ablation,oracle,standard_lora,25.0,0,0.0,0.0,0.9294578132264533
prompt_layout_ablation-oracle-standard_lora-seed17-1781443477418,prompt_layout_ablation,oracle,standard_lora,50.0,0,0.0,0.0,0.9294578132264533
prompt_layout_ablation-oracle-standard_lora-seed17-1781443477418,prompt_layout_ablation,oracle,standard_lora,100.0,64,8.7720686089973,8.153267706791047,0.9294578132264533
prompt_layout_ablation-oracle-standard_lora-seed17-1781443477418,prompt_layout_ablation,oracle,standard_lora,150.0,64,8.7720686089973,8.153267706791047,0.9294578132264533
prompt_layout_ablation-oracle-standard_lora-seed17-1781443477418,prompt_layout_ablation,oracle,standard_lora,250.0,64,8.7720686089973,8.153267706791047,0.9294578132264533
prompt_layout_ablation-oracle-standard_lora-seed17-1781443622689,prompt_layout_ablation,oracle,standard_lora,25.0,22,5.724043044394413,5.31244482718886,0.9280930953849774
prompt_layout_ablation-oracle-standard_lora-seed17-1781443622689,prompt_layout_ablation,oracle,standard_lora,50.0,22,5.724043044394413,5.31244482718886,0.9280930953849774
prompt_layout_ablation-oracle-standard_lora-seed17-1781443622689,prompt_layout_ablation,oracle,standard_lora,100.0,48,12.488821187769627,11.590788713866603,0.9280930953849774
prompt_layout_ablation-oracle-standard_lora-seed17-1781443622689,prompt_layout_ablation,oracle,standard_lora,150.0,48,12.488821187769627,11.590788713866603,0.9280930953849774
prompt_layout_ablation-oracle-standard_lora-seed17-1781443622689,prompt_layout_ablation,oracle,standard_lora,250.0,48,12.488821187769627,11.590788713866603,0.9280930953849774
prompt_layout_ablation-oracle-standard_lora-seed23-1781443624156,prompt_layout_ablation,oracle,standard_lora,25.0,22,6.069099622325289,5.642499745200808,0.9297095279907376
prompt_layout_ablation-oracle-standard_lora-seed23-1781443624156,prompt_layout_ablation,oracle,standard_lora,50.0,22,6.069099622325289,5.642499745200808,0.9297095279907376
prompt_layout_ablation-oracle-standard_lora-seed23-1781443624156,prompt_layout_ablation,oracle,standard_lora,100.0,48,13.241671903255176,12.31090853498358,0.9297095279907376
prompt_layout_ablation-oracle-standard_lora-seed23-1781443624156,prompt_layout_ablation,oracle,standard_lora,150.0,48,13.241671903255176,12.31090853498358,0.9297095279907376
prompt_layout_ablation-oracle-standard_lora-seed23-1781443624156,prompt_layout_ablation,oracle,standard_lora,250.0,48,13.241671903255176,12.31090853498358,0.9297095279907376
prompt_layout_ablation-random-activated_lora-seed11-1781443308746,prompt_layout_ablation,random,activated_lora,25.0,22,5.961239721094679,3.900446694365568,0.6543012656517222
prompt_layout_ablation-random-activated_lora-seed11-1781443308746,prompt_layout_ablation,random,activated_lora,50.0,22,5.961239721094679,3.900446694365568,0.6543012656517222
prompt_layout_ablation-random-activated_lora-seed11-1781443308746,prompt_layout_ablation,random,activated_lora,100.0,48,13.006341209661118,8.51006551497942,0.6543012656517222
prompt_layout_ablation-random-activated_lora-seed11-1781443308746,prompt_layout_ablation,random,activated_lora,150.0,48,13.006341209661118,8.51006551497942,0.6543012656517222
prompt_layout_ablation-random-activated_lora-seed11-1781443308746,prompt_layout_ablation,random,activated_lora,250.0,48,13.006341209661118,8.51006551497942,0.6543012656517222
prompt_layout_ablation-random-base_shared-seed11-1781443305883,prompt_layout_ablation,random,base_shared,25.0,22,6.012559389161382,3.9340252181344377,0.6543012656517222
prompt_layout_ablation-random-base_shared-seed11-1781443305883,prompt_layout_ablation,random,base_shared,50.0,22,6.012559389161382,3.9340252181344377,0.6543012656517222
prompt_layout_ablation-random-base_shared-seed11-1781443305883,prompt_layout_ablation,random,base_shared,100.0,48,13.118311394533924,8.583327748656956,0.6543012656517222
prompt_layout_ablation-random-base_shared-seed11-1781443305883,prompt_layout_ablation,random,base_shared,150.0,48,13.118311394533924,8.583327748656956,0.6543012656517222
prompt_layout_ablation-random-base_shared-seed11-1781443305883,prompt_layout_ablation,random,base_shared,250.0,48,13.118311394533924,8.583327748656956,0.6543012656517222
prompt_layout_ablation-random-copy_on_write-seed11-1781443311685,prompt_layout_ablation,random,copy_on_write,25.0,22,6.012559389161382,3.9340252181344377,0.6543012656517222
prompt_layout_ablation-random-copy_on_write-seed11-1781443311685,prompt_layout_ablation,random,copy_on_write,50.0,22,6.012559389161382,3.9340252181344377,0.6543012656517222
prompt_layout_ablation-random-copy_on_write-seed11-1781443311685,prompt_layout_ablation,random,copy_on_write,100.0,48,13.118311394533924,8.583327748656956,0.6543012656517222
prompt_layout_ablation-random-copy_on_write-seed11-1781443311685,prompt_layout_ablation,random,copy_on_write,150.0,48,13.118311394533924,8.583327748656956,0.6543012656517222
prompt_layout_ablation-random-copy_on_write-seed11-1781443311685,prompt_layout_ablation,random,copy_on_write,250.0,48,13.118311394533924,8.583327748656956,0.6543012656517222
prompt_layout_ablation-random-standard_lora-seed11-1781443303147,prompt_layout_ablation,random,standard_lora,25.0,15,3.667295592822529,2.3995161479027636,0.6543012656517222
prompt_layout_ablation-random-standard_lora-seed11-1781443303147,prompt_layout_ablation,random,standard_lora,50.0,15,3.667295592822529,2.3995161479027636,0.6543012656517222
prompt_layout_ablation-random-standard_lora-seed11-1781443303147,prompt_layout_ablation,random,standard_lora,100.0,48,11.735345897032092,7.678451673288843,0.6543012656517222
prompt_layout_ablation-random-standard_lora-seed11-1781443303147,prompt_layout_ablation,random,standard_lora,150.0,48,11.735345897032092,7.678451673288843,0.6543012656517222
prompt_layout_ablation-random-standard_lora-seed11-1781443303147,prompt_layout_ablation,random,standard_lora,250.0,48,11.735345897032092,7.678451673288843,0.6543012656517222
prompt_layout_ablation-semantic-activated_lora-seed11-1781443321386,prompt_layout_ablation,semantic,activated_lora,25.0,22,5.871748949455927,5.433662186007124,0.9253907537226373
prompt_layout_ablation-semantic-activated_lora-seed11-1781443321386,prompt_layout_ablation,semantic,activated_lora,50.0,22,5.871748949455927,5.433662186007124,0.9253907537226373
prompt_layout_ablation-semantic-activated_lora-seed11-1781443321386,prompt_layout_ablation,semantic,activated_lora,100.0,48,12.81108861699475,11.855262951288271,0.9253907537226373
prompt_layout_ablation-semantic-activated_lora-seed11-1781443321386,prompt_layout_ablation,semantic,activated_lora,150.0,48,12.81108861699475,11.855262951288271,0.9253907537226373
prompt_layout_ablation-semantic-activated_lora-seed11-1781443321386,prompt_layout_ablation,semantic,activated_lora,250.0,48,12.81108861699475,11.855262951288271,0.9253907537226373
prompt_layout_ablation-semantic-activated_lora-seed11-1781443409510,prompt_layout_ablation,semantic,activated_lora,25.0,0,0.0,0.0,0.9250948908035106
prompt_layout_ablation-semantic-activated_lora-seed11-1781443409510,prompt_layout_ablation,semantic,activated_lora,50.0,0,0.0,0.0,0.9250948908035106
prompt_layout_ablation-semantic-activated_lora-seed11-1781443409510,prompt_layout_ablation,semantic,activated_lora,100.0,64,8.953698303473432,8.283020554339332,0.9250948908035106
prompt_layout_ablation-semantic-activated_lora-seed11-1781443409510,prompt_layout_ablation,semantic,activated_lora,150.0,64,8.953698303473432,8.283020554339332,0.9250948908035106
prompt_layout_ablation-semantic-activated_lora-seed11-1781443409510,prompt_layout_ablation,semantic,activated_lora,250.0,64,8.953698303473432,8.283020554339332,0.9250948908035106
prompt_layout_ablation-semantic-activated_lora-seed11-1781443519541,prompt_layout_ablation,semantic,activated_lora,25.0,22,5.871748949455927,5.433662186007124,0.9253907537226373
prompt_layout_ablation-semantic-activated_lora-seed11-1781443519541,prompt_layout_ablation,semantic,activated_lora,50.0,22,5.871748949455927,5.433662186007124,0.9253907537226373
prompt_layout_ablation-semantic-activated_lora-seed11-1781443519541,prompt_layout_ablation,semantic,activated_lora,100.0,48,12.81108861699475,11.855262951288271,0.9253907537226373
prompt_layout_ablation-semantic-activated_lora-seed11-1781443519541,prompt_layout_ablation,semantic,activated_lora,150.0,48,12.81108861699475,11.855262951288271,0.9253907537226373
prompt_layout_ablation-semantic-activated_lora-seed11-1781443519541,prompt_layout_ablation,semantic,activated_lora,250.0,48,12.81108861699475,11.855262951288271,0.9253907537226373
prompt_layout_ablation-semantic-activated_lora-seed17-1781443410569,prompt_layout_ablation,semantic,activated_lora,25.0,0,0.0,0.0,0.9294578132264533
prompt_layout_ablation-semantic-activated_lora-seed17-1781443410569,prompt_layout_ablation,semantic,activated_lora,50.0,0,0.0,0.0,0.9294578132264533
prompt_layout_ablation-semantic-activated_lora-seed17-1781443410569,prompt_layout_ablation,semantic,activated_lora,100.0,64,8.7720686089973,8.153267706791047,0.9294578132264533
prompt_layout_ablation-semantic-activated_lora-seed17-1781443410569,prompt_layout_ablation,semantic,activated_lora,150.0,64,8.7720686089973,8.153267706791047,0.9294578132264533
prompt_layout_ablation-semantic-activated_lora-seed17-1781443410569,prompt_layout_ablation,semantic,activated_lora,250.0,64,8.7720686089973,8.153267706791047,0.9294578132264533
prompt_layout_ablation-semantic-activated_lora-seed17-1781443520840,prompt_layout_ablation,semantic,activated_lora,25.0,22,5.735533699015922,5.323109224404536,0.9280930953849774
prompt_layout_ablation-semantic-activated_lora-seed17-1781443520840,prompt_layout_ablation,semantic,activated_lora,50.0,22,5.735533699015922,5.323109224404536,0.9280930953849774
prompt_layout_ablation-semantic-activated_lora-seed17-1781443520840,prompt_layout_ablation,semantic,activated_lora,100.0,48,12.513891706943829,11.614056489609897,0.9280930953849774
prompt_layout_ablation-semantic-activated_lora-seed17-1781443520840,prompt_layout_ablation,semantic,activated_lora,150.0,48,12.513891706943829,11.614056489609897,0.9280930953849774
prompt_layout_ablation-semantic-activated_lora-seed17-1781443520840,prompt_layout_ablation,semantic,activated_lora,250.0,48,12.513891706943829,11.614056489609897,0.9280930953849774
prompt_layout_ablation-semantic-activated_lora-seed23-1781443522151,prompt_layout_ablation,semantic,activated_lora,25.0,22,6.082018954955162,5.6545109718420825,0.9297095279907376
prompt_layout_ablation-semantic-activated_lora-seed23-1781443522151,prompt_layout_ablation,semantic,activated_lora,50.0,22,6.082018954955162,5.6545109718420825,0.9297095279907376
prompt_layout_ablation-semantic-activated_lora-seed23-1781443522151,prompt_layout_ablation,semantic,activated_lora,100.0,48,13.269859538083988,12.337114847655451,0.9297095279907376
prompt_layout_ablation-semantic-activated_lora-seed23-1781443522151,prompt_layout_ablation,semantic,activated_lora,150.0,48,13.269859538083988,12.337114847655451,0.9297095279907376
prompt_layout_ablation-semantic-activated_lora-seed23-1781443522151,prompt_layout_ablation,semantic,activated_lora,250.0,48,13.269859538083988,12.337114847655451,0.9297095279907376
prompt_layout_ablation-semantic-base_shared-seed11-1781443318060,prompt_layout_ablation,semantic,base_shared,25.0,22,5.85970659534007,5.422518302855257,0.9253907537226373
prompt_layout_ablation-semantic-base_shared-seed11-1781443318060,prompt_layout_ablation,semantic,base_shared,50.0,22,5.85970659534007,5.422518302855257,0.9253907537226373
prompt_layout_ablation-semantic-base_shared-seed11-1781443318060,prompt_layout_ablation,semantic,base_shared,100.0,48,12.78481438983288,11.830949024411469,0.9253907537226373
prompt_layout_ablation-semantic-base_shared-seed11-1781443318060,prompt_layout_ablation,semantic,base_shared,150.0,48,12.78481438983288,11.830949024411469,0.9253907537226373
prompt_layout_ablation-semantic-base_shared-seed11-1781443318060,prompt_layout_ablation,semantic,base_shared,250.0,48,12.78481438983288,11.830949024411469,0.9253907537226373
prompt_layout_ablation-semantic-base_shared-seed11-1781443403344,prompt_layout_ablation,semantic,base_shared,25.0,0,0.0,0.0,0.9250948908035106
prompt_layout_ablation-semantic-base_shared-seed11-1781443403344,prompt_layout_ablation,semantic,base_shared,50.0,0,0.0,0.0,0.9250948908035106
prompt_layout_ablation-semantic-base_shared-seed11-1781443403344,prompt_layout_ablation,semantic,base_shared,100.0,64,8.953698303473432,8.283020554339332,0.9250948908035106
prompt_layout_ablation-semantic-base_shared-seed11-1781443403344,prompt_layout_ablation,semantic,base_shared,150.0,64,8.953698303473432,8.283020554339332,0.9250948908035106
prompt_layout_ablation-semantic-base_shared-seed11-1781443403344,prompt_layout_ablation,semantic,base_shared,250.0,64,8.953698303473432,8.283020554339332,0.9250948908035106
prompt_layout_ablation-semantic-base_shared-seed17-1781443404350,prompt_layout_ablation,semantic,base_shared,25.0,0,0.0,0.0,0.9294578132264533
prompt_layout_ablation-semantic-base_shared-seed17-1781443404350,prompt_layout_ablation,semantic,base_shared,50.0,0,0.0,0.0,0.9294578132264533
prompt_layout_ablation-semantic-base_shared-seed17-1781443404350,prompt_layout_ablation,semantic,base_shared,100.0,64,8.7720686089973,8.153267706791047,0.9294578132264533
prompt_layout_ablation-semantic-base_shared-seed17-1781443404350,prompt_layout_ablation,semantic,base_shared,150.0,64,8.7720686089973,8.153267706791047,0.9294578132264533
prompt_layout_ablation-semantic-base_shared-seed17-1781443404350,prompt_layout_ablation,semantic,base_shared,250.0,64,8.7720686089973,8.153267706791047,0.9294578132264533
prompt_layout_ablation-semantic-copy_on_write-seed11-1781443324837,prompt_layout_ablation,semantic,copy_on_write,25.0,22,5.85970659534007,5.422518302855257,0.9253907537226373
prompt_layout_ablation-semantic-copy_on_write-seed11-1781443324837,prompt_layout_ablation,semantic,copy_on_write,50.0,22,5.85970659534007,5.422518302855257,0.9253907537226373
prompt_layout_ablation-semantic-copy_on_write-seed11-1781443324837,prompt_layout_ablation,semantic,copy_on_write,100.0,48,12.78481438983288,11.830949024411469,0.9253907537226373
prompt_layout_ablation-semantic-copy_on_write-seed11-1781443324837,prompt_layout_ablation,semantic,copy_on_write,150.0,48,12.78481438983288,11.830949024411469,0.9253907537226373
prompt_layout_ablation-semantic-copy_on_write-seed11-1781443324837,prompt_layout_ablation,semantic,copy_on_write,250.0,48,12.78481438983288,11.830949024411469,0.9253907537226373
prompt_layout_ablation-semantic-copy_on_write-seed11-1781443415927,prompt_layout_ablation,semantic,copy_on_write,25.0,0,0.0,0.0,0.9250948908035106
prompt_layout_ablation-semantic-copy_on_write-seed11-1781443415927,prompt_layout_ablation,semantic,copy_on_write,50.0,0,0.0,0.0,0.9250948908035106
prompt_layout_ablation-semantic-copy_on_write-seed11-1781443415927,prompt_layout_ablation,semantic,copy_on_write,100.0,64,8.953698303473432,8.283020554339332,0.9250948908035106
prompt_layout_ablation-semantic-copy_on_write-seed11-1781443415927,prompt_layout_ablation,semantic,copy_on_write,150.0,64,8.953698303473432,8.283020554339332,0.9250948908035106
prompt_layout_ablation-semantic-copy_on_write-seed11-1781443415927,prompt_layout_ablation,semantic,copy_on_write,250.0,64,8.953698303473432,8.283020554339332,0.9250948908035106
prompt_layout_ablation-semantic-copy_on_write-seed11-1781443531281,prompt_layout_ablation,semantic,copy_on_write,25.0,22,5.85970659534007,5.422518302855257,0.9253907537226373
prompt_layout_ablation-semantic-copy_on_write-seed11-1781443531281,prompt_layout_ablation,semantic,copy_on_write,50.0,22,5.85970659534007,5.422518302855257,0.9253907537226373
prompt_layout_ablation-semantic-copy_on_write-seed11-1781443531281,prompt_layout_ablation,semantic,copy_on_write,100.0,48,12.78481438983288,11.830949024411469,0.9253907537226373
prompt_layout_ablation-semantic-copy_on_write-seed11-1781443531281,prompt_layout_ablation,semantic,copy_on_write,150.0,48,12.78481438983288,11.830949024411469,0.9253907537226373
prompt_layout_ablation-semantic-copy_on_write-seed11-1781443531281,prompt_layout_ablation,semantic,copy_on_write,250.0,48,12.78481438983288,11.830949024411469,0.9253907537226373
prompt_layout_ablation-semantic-copy_on_write-seed17-1781443416983,prompt_layout_ablation,semantic,copy_on_write,25.0,0,0.0,0.0,0.9294578132264533
prompt_layout_ablation-semantic-copy_on_write-seed17-1781443416983,prompt_layout_ablation,semantic,copy_on_write,50.0,0,0.0,0.0,0.9294578132264533
prompt_layout_ablation-semantic-copy_on_write-seed17-1781443416983,prompt_layout_ablation,semantic,copy_on_write,100.0,64,8.7720686089973,8.153267706791047,0.9294578132264533
prompt_layout_ablation-semantic-copy_on_write-seed17-1781443416983,prompt_layout_ablation,semantic,copy_on_write,150.0,64,8.7720686089973,8.153267706791047,0.9294578132264533
prompt_layout_ablation-semantic-copy_on_write-seed17-1781443416983,prompt_layout_ablation,semantic,copy_on_write,250.0,64,8.7720686089973,8.153267706791047,0.9294578132264533
prompt_layout_ablation-semantic-copy_on_write-seed17-1781443532573,prompt_layout_ablation,semantic,copy_on_write,25.0,22,5.724043044394413,5.31244482718886,0.9280930953849774
prompt_layout_ablation-semantic-copy_on_write-seed17-1781443532573,prompt_layout_ablation,semantic,copy_on_write,50.0,22,5.724043044394413,5.31244482718886,0.9280930953849774
prompt_layout_ablation-semantic-copy_on_write-seed17-1781443532573,prompt_layout_ablation,semantic,copy_on_write,100.0,48,12.488821187769627,11.590788713866603,0.9280930953849774
prompt_layout_ablation-semantic-copy_on_write-seed17-1781443532573,prompt_layout_ablation,semantic,copy_on_write,150.0,48,12.488821187769627,11.590788713866603,0.9280930953849774
prompt_layout_ablation-semantic-copy_on_write-seed17-1781443532573,prompt_layout_ablation,semantic,copy_on_write,250.0,48,12.488821187769627,11.590788713866603,0.9280930953849774
prompt_layout_ablation-semantic-copy_on_write-seed23-1781443533914,prompt_layout_ablation,semantic,copy_on_write,25.0,22,6.069099622325289,5.642499745200808,0.9297095279907376
prompt_layout_ablation-semantic-copy_on_write-seed23-1781443533914,prompt_layout_ablation,semantic,copy_on_write,50.0,22,6.069099622325289,5.642499745200808,0.9297095279907376
prompt_layout_ablation-semantic-copy_on_write-seed23-1781443533914,prompt_layout_ablation,semantic,copy_on_write,100.0,48,13.241671903255176,12.31090853498358,0.9297095279907376
prompt_layout_ablation-semantic-copy_on_write-seed23-1781443533914,prompt_layout_ablation,semantic,copy_on_write,150.0,48,13.241671903255176,12.31090853498358,0.9297095279907376
prompt_layout_ablation-semantic-copy_on_write-seed23-1781443533914,prompt_layout_ablation,semantic,copy_on_write,250.0,48,13.241671903255176,12.31090853498358,0.9297095279907376
prompt_layout_ablation-semantic-standard_lora-seed11-1781443314842,prompt_layout_ablation,semantic,standard_lora,25.0,22,5.85970659534007,5.422518302855257,0.9253907537226373
prompt_layout_ablation-semantic-standard_lora-seed11-1781443314842,prompt_layout_ablation,semantic,standard_lora,50.0,22,5.85970659534007,5.422518302855257,0.9253907537226373
prompt_layout_ablation-semantic-standard_lora-seed11-1781443314842,prompt_layout_ablation,semantic,standard_lora,100.0,48,12.78481438983288,11.830949024411469,0.9253907537226373
prompt_layout_ablation-semantic-standard_lora-seed11-1781443314842,prompt_layout_ablation,semantic,standard_lora,150.0,48,12.78481438983288,11.830949024411469,0.9253907537226373
prompt_layout_ablation-semantic-standard_lora-seed11-1781443314842,prompt_layout_ablation,semantic,standard_lora,250.0,48,12.78481438983288,11.830949024411469,0.9253907537226373
prompt_layout_ablation-semantic-standard_lora-seed11-1781443397294,prompt_layout_ablation,semantic,standard_lora,25.0,0,0.0,0.0,0.9250948908035106
prompt_layout_ablation-semantic-standard_lora-seed11-1781443397294,prompt_layout_ablation,semantic,standard_lora,50.0,0,0.0,0.0,0.9250948908035106
prompt_layout_ablation-semantic-standard_lora-seed11-1781443397294,prompt_layout_ablation,semantic,standard_lora,100.0,64,8.953698303473432,8.283020554339332,0.9250948908035106
prompt_layout_ablation-semantic-standard_lora-seed11-1781443397294,prompt_layout_ablation,semantic,standard_lora,150.0,64,8.953698303473432,8.283020554339332,0.9250948908035106
prompt_layout_ablation-semantic-standard_lora-seed11-1781443397294,prompt_layout_ablation,semantic,standard_lora,250.0,64,8.953698303473432,8.283020554339332,0.9250948908035106
prompt_layout_ablation-semantic-standard_lora-seed11-1781443508034,prompt_layout_ablation,semantic,standard_lora,25.0,22,5.85970659534007,5.422518302855257,0.9253907537226373
prompt_layout_ablation-semantic-standard_lora-seed11-1781443508034,prompt_layout_ablation,semantic,standard_lora,50.0,22,5.85970659534007,5.422518302855257,0.9253907537226373
prompt_layout_ablation-semantic-standard_lora-seed11-1781443508034,prompt_layout_ablation,semantic,standard_lora,100.0,48,12.78481438983288,11.830949024411469,0.9253907537226373
prompt_layout_ablation-semantic-standard_lora-seed11-1781443508034,prompt_layout_ablation,semantic,standard_lora,150.0,48,12.78481438983288,11.830949024411469,0.9253907537226373
prompt_layout_ablation-semantic-standard_lora-seed11-1781443508034,prompt_layout_ablation,semantic,standard_lora,250.0,48,12.78481438983288,11.830949024411469,0.9253907537226373
prompt_layout_ablation-semantic-standard_lora-seed17-1781443398276,prompt_layout_ablation,semantic,standard_lora,25.0,0,0.0,0.0,0.9294578132264533
prompt_layout_ablation-semantic-standard_lora-seed17-1781443398276,prompt_layout_ablation,semantic,standard_lora,50.0,0,0.0,0.0,0.9294578132264533
prompt_layout_ablation-semantic-standard_lora-seed17-1781443398276,prompt_layout_ablation,semantic,standard_lora,100.0,64,8.7720686089973,8.153267706791047,0.9294578132264533
prompt_layout_ablation-semantic-standard_lora-seed17-1781443398276,prompt_layout_ablation,semantic,standard_lora,150.0,64,8.7720686089973,8.153267706791047,0.9294578132264533
prompt_layout_ablation-semantic-standard_lora-seed17-1781443398276,prompt_layout_ablation,semantic,standard_lora,250.0,64,8.7720686089973,8.153267706791047,0.9294578132264533
prompt_layout_ablation-semantic-standard_lora-seed17-1781443509277,prompt_layout_ablation,semantic,standard_lora,25.0,22,5.724043044394413,5.31244482718886,0.9280930953849774
prompt_layout_ablation-semantic-standard_lora-seed17-1781443509277,prompt_layout_ablation,semantic,standard_lora,50.0,22,5.724043044394413,5.31244482718886,0.9280930953849774
prompt_layout_ablation-semantic-standard_lora-seed17-1781443509277,prompt_layout_ablation,semantic,standard_lora,100.0,48,12.488821187769627,11.590788713866603,0.9280930953849774
prompt_layout_ablation-semantic-standard_lora-seed17-1781443509277,prompt_layout_ablation,semantic,standard_lora,150.0,48,12.488821187769627,11.590788713866603,0.9280930953849774
prompt_layout_ablation-semantic-standard_lora-seed17-1781443509277,prompt_layout_ablation,semantic,standard_lora,250.0,48,12.488821187769627,11.590788713866603,0.9280930953849774
prompt_layout_ablation-semantic-standard_lora-seed23-1781443510530,prompt_layout_ablation,semantic,standard_lora,25.0,22,6.069099622325289,5.642499745200808,0.9297095279907376
prompt_layout_ablation-semantic-standard_lora-seed23-1781443510530,prompt_layout_ablation,semantic,standard_lora,50.0,22,6.069099622325289,5.642499745200808,0.9297095279907376
prompt_layout_ablation-semantic-standard_lora-seed23-1781443510530,prompt_layout_ablation,semantic,standard_lora,100.0,48,13.241671903255176,12.31090853498358,0.9297095279907376
prompt_layout_ablation-semantic-standard_lora-seed23-1781443510530,prompt_layout_ablation,semantic,standard_lora,150.0,48,13.241671903255176,12.31090853498358,0.9297095279907376
prompt_layout_ablation-semantic-standard_lora-seed23-1781443510530,prompt_layout_ablation,semantic,standard_lora,250.0,48,13.241671903255176,12.31090853498358,0.9297095279907376
prompt_layout_ablation-sticky_session-activated_lora-seed11-1781443351386,prompt_layout_ablation,sticky_session,activated_lora,25.0,22,5.871748949455927,5.433662186007124,0.9253907537226373
prompt_layout_ablation-sticky_session-activated_lora-seed11-1781443351386,prompt_layout_ablation,sticky_session,activated_lora,50.0,22,5.871748949455927,5.433662186007124,0.9253907537226373
prompt_layout_ablation-sticky_session-activated_lora-seed11-1781443351386,prompt_layout_ablation,sticky_session,activated_lora,100.0,48,12.81108861699475,11.855262951288271,0.9253907537226373
prompt_layout_ablation-sticky_session-activated_lora-seed11-1781443351386,prompt_layout_ablation,sticky_session,activated_lora,150.0,48,12.81108861699475,11.855262951288271,0.9253907537226373
prompt_layout_ablation-sticky_session-activated_lora-seed11-1781443351386,prompt_layout_ablation,sticky_session,activated_lora,250.0,48,12.81108861699475,11.855262951288271,0.9253907537226373
prompt_layout_ablation-sticky_session-base_shared-seed11-1781443347313,prompt_layout_ablation,sticky_session,base_shared,25.0,22,5.85970659534007,5.422518302855257,0.9253907537226373
prompt_layout_ablation-sticky_session-base_shared-seed11-1781443347313,prompt_layout_ablation,sticky_session,base_shared,50.0,22,5.85970659534007,5.422518302855257,0.9253907537226373
prompt_layout_ablation-sticky_session-base_shared-seed11-1781443347313,prompt_layout_ablation,sticky_session,base_shared,100.0,48,12.78481438983288,11.830949024411469,0.9253907537226373
prompt_layout_ablation-sticky_session-base_shared-seed11-1781443347313,prompt_layout_ablation,sticky_session,base_shared,150.0,48,12.78481438983288,11.830949024411469,0.9253907537226373
prompt_layout_ablation-sticky_session-base_shared-seed11-1781443347313,prompt_layout_ablation,sticky_session,base_shared,250.0,48,12.78481438983288,11.830949024411469,0.9253907537226373
prompt_layout_ablation-sticky_session-copy_on_write-seed11-1781443355462,prompt_layout_ablation,sticky_session,copy_on_write,25.0,22,5.85970659534007,5.422518302855257,0.9253907537226373
prompt_layout_ablation-sticky_session-copy_on_write-seed11-1781443355462,prompt_layout_ablation,sticky_session,copy_on_write,50.0,22,5.85970659534007,5.422518302855257,0.9253907537226373
prompt_layout_ablation-sticky_session-copy_on_write-seed11-1781443355462,prompt_layout_ablation,sticky_session,copy_on_write,100.0,48,12.78481438983288,11.830949024411469,0.9253907537226373
prompt_layout_ablation-sticky_session-copy_on_write-seed11-1781443355462,prompt_layout_ablation,sticky_session,copy_on_write,150.0,48,12.78481438983288,11.830949024411469,0.9253907537226373
prompt_layout_ablation-sticky_session-copy_on_write-seed11-1781443355462,prompt_layout_ablation,sticky_session,copy_on_write,250.0,48,12.78481438983288,11.830949024411469,0.9253907537226373
prompt_layout_ablation-sticky_session-standard_lora-seed11-1781443343356,prompt_layout_ablation,sticky_session,standard_lora,25.0,22,5.85970659534007,5.422518302855257,0.9253907537226373
prompt_layout_ablation-sticky_session-standard_lora-seed11-1781443343356,prompt_layout_ablation,sticky_session,standard_lora,50.0,22,5.85970659534007,5.422518302855257,0.9253907537226373
prompt_layout_ablation-sticky_session-standard_lora-seed11-1781443343356,prompt_layout_ablation,sticky_session,standard_lora,100.0,48,12.78481438983288,11.830949024411469,0.9253907537226373
prompt_layout_ablation-sticky_session-standard_lora-seed11-1781443343356,prompt_layout_ablation,sticky_session,standard_lora,150.0,48,12.78481438983288,11.830949024411469,0.9253907537226373
prompt_layout_ablation-sticky_session-standard_lora-seed11-1781443343356,prompt_layout_ablation,sticky_session,standard_lora,250.0,48,12.78481438983288,11.830949024411469,0.9253907537226373
public-domain-eval-large-1781443652752,jsonl_eval,cache_aware,activated_lora,25.0,95,20.231697965119466,18.419197553041617,0.9104128375580389
public-domain-eval-large-1781443652752,jsonl_eval,cache_aware,activated_lora,50.0,100,21.296524173809964,19.3886290032017,0.9104128375580389
public-domain-eval-large-1781443652752,jsonl_eval,cache_aware,activated_lora,100.0,100,21.296524173809964,19.3886290032017,0.9104128375580389
public-domain-eval-large-1781443652752,jsonl_eval,cache_aware,activated_lora,150.0,100,21.296524173809964,19.3886290032017,0.9104128375580389
public-domain-eval-large-1781443652752,jsonl_eval,cache_aware,activated_lora,250.0,100,21.296524173809964,19.3886290032017,0.9104128375580389
shared_doc_qa-cache_aware-activated_lora-seed11-1781443364927,shared_doc_qa,cache_aware,activated_lora,25.0,44,18.024463296959443,16.556482779761186,0.9185562147947067
shared_doc_qa-cache_aware-activated_lora-seed11-1781443364927,shared_doc_qa,cache_aware,activated_lora,50.0,44,18.024463296959443,16.556482779761186,0.9185562147947067
shared_doc_qa-cache_aware-activated_lora-seed11-1781443364927,shared_doc_qa,cache_aware,activated_lora,100.0,48,19.663050869410302,18.061617577921293,0.9185562147947067
shared_doc_qa-cache_aware-activated_lora-seed11-1781443364927,shared_doc_qa,cache_aware,activated_lora,150.0,48,19.663050869410302,18.061617577921293,0.9185562147947067
shared_doc_qa-cache_aware-activated_lora-seed11-1781443364927,shared_doc_qa,cache_aware,activated_lora,250.0,48,19.663050869410302,18.061617577921293,0.9185562147947067
shared_doc_qa-cache_aware-activated_lora-seed11-1781443457492,shared_doc_qa,cache_aware,activated_lora,25.0,0,0.0,0.0,0.9212898254646238
shared_doc_qa-cache_aware-activated_lora-seed11-1781443457492,shared_doc_qa,cache_aware,activated_lora,50.0,0,0.0,0.0,0.9212898254646238
shared_doc_qa-cache_aware-activated_lora-seed11-1781443457492,shared_doc_qa,cache_aware,activated_lora,100.0,64,8.909768236420607,8.20847882346219,0.9212898254646238
shared_doc_qa-cache_aware-activated_lora-seed11-1781443457492,shared_doc_qa,cache_aware,activated_lora,150.0,64,8.909768236420607,8.20847882346219,0.9212898254646238
shared_doc_qa-cache_aware-activated_lora-seed11-1781443457492,shared_doc_qa,cache_aware,activated_lora,250.0,64,8.909768236420607,8.20847882346219,0.9212898254646238
shared_doc_qa-cache_aware-activated_lora-seed11-1781443585382,shared_doc_qa,cache_aware,activated_lora,25.0,44,18.024463296959443,16.556482779761186,0.9185562147947067
shared_doc_qa-cache_aware-activated_lora-seed11-1781443585382,shared_doc_qa,cache_aware,activated_lora,50.0,44,18.024463296959443,16.556482779761186,0.9185562147947067
shared_doc_qa-cache_aware-activated_lora-seed11-1781443585382,shared_doc_qa,cache_aware,activated_lora,100.0,48,19.663050869410302,18.061617577921293,0.9185562147947067
shared_doc_qa-cache_aware-activated_lora-seed11-1781443585382,shared_doc_qa,cache_aware,activated_lora,150.0,48,19.663050869410302,18.061617577921293,0.9185562147947067
shared_doc_qa-cache_aware-activated_lora-seed11-1781443585382,shared_doc_qa,cache_aware,activated_lora,250.0,48,19.663050869410302,18.061617577921293,0.9185562147947067
shared_doc_qa-cache_aware-activated_lora-seed17-1781443458674,shared_doc_qa,cache_aware,activated_lora,25.0,0,0.0,0.0,0.9199960996536627
shared_doc_qa-cache_aware-activated_lora-seed17-1781443458674,shared_doc_qa,cache_aware,activated_lora,50.0,0,0.0,0.0,0.9199960996536627
shared_doc_qa-cache_aware-activated_lora-seed17-1781443458674,shared_doc_qa,cache_aware,activated_lora,100.0,64,9.016845933606701,8.295463090096154,0.9199960996536627
shared_doc_qa-cache_aware-activated_lora-seed17-1781443458674,shared_doc_qa,cache_aware,activated_lora,150.0,64,9.016845933606701,8.295463090096154,0.9199960996536627
shared_doc_qa-cache_aware-activated_lora-seed17-1781443458674,shared_doc_qa,cache_aware,activated_lora,250.0,64,9.016845933606701,8.295463090096154,0.9199960996536627
shared_doc_qa-cache_aware-activated_lora-seed17-1781443586839,shared_doc_qa,cache_aware,activated_lora,25.0,44,18.389185237017088,16.960337555585983,0.9222995655862523
shared_doc_qa-cache_aware-activated_lora-seed17-1781443586839,shared_doc_qa,cache_aware,activated_lora,50.0,44,18.389185237017088,16.960337555585983,0.9222995655862523
shared_doc_qa-cache_aware-activated_lora-seed17-1781443586839,shared_doc_qa,cache_aware,activated_lora,100.0,48,20.060929349473188,18.50218642427562,0.9222995655862523
shared_doc_qa-cache_aware-activated_lora-seed17-1781443586839,shared_doc_qa,cache_aware,activated_lora,150.0,48,20.060929349473188,18.50218642427562,0.9222995655862523
shared_doc_qa-cache_aware-activated_lora-seed17-1781443586839,shared_doc_qa,cache_aware,activated_lora,250.0,48,20.060929349473188,18.50218642427562,0.9222995655862523
shared_doc_qa-cache_aware-activated_lora-seed23-1781443588355,shared_doc_qa,cache_aware,activated_lora,25.0,44,17.255232429552834,15.946288346803884,0.9241421935002663
shared_doc_qa-cache_aware-activated_lora-seed23-1781443588355,shared_doc_qa,cache_aware,activated_lora,50.0,44,17.255232429552834,15.946288346803884,0.9241421935002663
shared_doc_qa-cache_aware-activated_lora-seed23-1781443588355,shared_doc_qa,cache_aware,activated_lora,100.0,48,18.823889923148545,17.395950923786057,0.9241421935002663
shared_doc_qa-cache_aware-activated_lora-seed23-1781443588355,shared_doc_qa,cache_aware,activated_lora,150.0,48,18.823889923148545,17.395950923786057,0.9241421935002663
shared_doc_qa-cache_aware-activated_lora-seed23-1781443588355,shared_doc_qa,cache_aware,activated_lora,250.0,48,18.823889923148545,17.395950923786057,0.9241421935002663
shared_doc_qa-cache_aware-base_shared-seed11-1781443360541,shared_doc_qa,cache_aware,base_shared,25.0,44,17.911467689770312,16.452689962533107,0.9185562147947067
shared_doc_qa-cache_aware-base_shared-seed11-1781443360541,shared_doc_qa,cache_aware,base_shared,50.0,44,17.911467689770312,16.452689962533107,0.9185562147947067
shared_doc_qa-cache_aware-base_shared-seed11-1781443360541,shared_doc_qa,cache_aware,base_shared,100.0,48,19.539782934294884,17.948389050036116,0.9185562147947067
shared_doc_qa-cache_aware-base_shared-seed11-1781443360541,shared_doc_qa,cache_aware,base_shared,150.0,48,19.539782934294884,17.948389050036116,0.9185562147947067
shared_doc_qa-cache_aware-base_shared-seed11-1781443360541,shared_doc_qa,cache_aware,base_shared,250.0,48,19.539782934294884,17.948389050036116,0.9185562147947067
shared_doc_qa-cache_aware-base_shared-seed11-1781443450659,shared_doc_qa,cache_aware,base_shared,25.0,0,0.0,0.0,0.9212898254646238
shared_doc_qa-cache_aware-base_shared-seed11-1781443450659,shared_doc_qa,cache_aware,base_shared,50.0,0,0.0,0.0,0.9212898254646238
shared_doc_qa-cache_aware-base_shared-seed11-1781443450659,shared_doc_qa,cache_aware,base_shared,100.0,64,8.909768236420607,8.20847882346219,0.9212898254646238
shared_doc_qa-cache_aware-base_shared-seed11-1781443450659,shared_doc_qa,cache_aware,base_shared,150.0,64,8.909768236420607,8.20847882346219,0.9212898254646238
shared_doc_qa-cache_aware-base_shared-seed11-1781443450659,shared_doc_qa,cache_aware,base_shared,250.0,64,8.909768236420607,8.20847882346219,0.9212898254646238
shared_doc_qa-cache_aware-base_shared-seed17-1781443451781,shared_doc_qa,cache_aware,base_shared,25.0,0,0.0,0.0,0.9199960996536627
shared_doc_qa-cache_aware-base_shared-seed17-1781443451781,shared_doc_qa,cache_aware,base_shared,50.0,0,0.0,0.0,0.9199960996536627
shared_doc_qa-cache_aware-base_shared-seed17-1781443451781,shared_doc_qa,cache_aware,base_shared,100.0,64,9.016845933606701,8.295463090096154,0.9199960996536627
shared_doc_qa-cache_aware-base_shared-seed17-1781443451781,shared_doc_qa,cache_aware,base_shared,150.0,64,9.016845933606701,8.295463090096154,0.9199960996536627
shared_doc_qa-cache_aware-base_shared-seed17-1781443451781,shared_doc_qa,cache_aware,base_shared,250.0,64,9.016845933606701,8.295463090096154,0.9199960996536627
shared_doc_qa-cache_aware-copy_on_write-seed11-1781443369480,shared_doc_qa,cache_aware,copy_on_write,25.0,44,17.911467689770312,16.452689962533107,0.9185562147947067
shared_doc_qa-cache_aware-copy_on_write-seed11-1781443369480,shared_doc_qa,cache_aware,copy_on_write,50.0,44,17.911467689770312,16.452689962533107,0.9185562147947067
shared_doc_qa-cache_aware-copy_on_write-seed11-1781443369480,shared_doc_qa,cache_aware,copy_on_write,100.0,48,19.539782934294884,17.948389050036116,0.9185562147947067
shared_doc_qa-cache_aware-copy_on_write-seed11-1781443369480,shared_doc_qa,cache_aware,copy_on_write,150.0,48,19.539782934294884,17.948389050036116,0.9185562147947067
shared_doc_qa-cache_aware-copy_on_write-seed11-1781443369480,shared_doc_qa,cache_aware,copy_on_write,250.0,48,19.539782934294884,17.948389050036116,0.9185562147947067
shared_doc_qa-cache_aware-copy_on_write-seed11-1781443464466,shared_doc_qa,cache_aware,copy_on_write,25.0,0,0.0,0.0,0.9212898254646238
shared_doc_qa-cache_aware-copy_on_write-seed11-1781443464466,shared_doc_qa,cache_aware,copy_on_write,50.0,0,0.0,0.0,0.9212898254646238
shared_doc_qa-cache_aware-copy_on_write-seed11-1781443464466,shared_doc_qa,cache_aware,copy_on_write,100.0,64,8.909768236420607,8.20847882346219,0.9212898254646238
shared_doc_qa-cache_aware-copy_on_write-seed11-1781443464466,shared_doc_qa,cache_aware,copy_on_write,150.0,64,8.909768236420607,8.20847882346219,0.9212898254646238
shared_doc_qa-cache_aware-copy_on_write-seed11-1781443464466,shared_doc_qa,cache_aware,copy_on_write,250.0,64,8.909768236420607,8.20847882346219,0.9212898254646238
shared_doc_qa-cache_aware-copy_on_write-seed11-1781443598414,shared_doc_qa,cache_aware,copy_on_write,25.0,44,17.911467689770312,16.452689962533107,0.9185562147947067
shared_doc_qa-cache_aware-copy_on_write-seed11-1781443598414,shared_doc_qa,cache_aware,copy_on_write,50.0,44,17.911467689770312,16.452689962533107,0.9185562147947067
shared_doc_qa-cache_aware-copy_on_write-seed11-1781443598414,shared_doc_qa,cache_aware,copy_on_write,100.0,48,19.539782934294884,17.948389050036116,0.9185562147947067
shared_doc_qa-cache_aware-copy_on_write-seed11-1781443598414,shared_doc_qa,cache_aware,copy_on_write,150.0,48,19.539782934294884,17.948389050036116,0.9185562147947067
shared_doc_qa-cache_aware-copy_on_write-seed11-1781443598414,shared_doc_qa,cache_aware,copy_on_write,250.0,48,19.539782934294884,17.948389050036116,0.9185562147947067
shared_doc_qa-cache_aware-copy_on_write-seed17-1781443465628,shared_doc_qa,cache_aware,copy_on_write,25.0,0,0.0,0.0,0.9199960996536627
shared_doc_qa-cache_aware-copy_on_write-seed17-1781443465628,shared_doc_qa,cache_aware,copy_on_write,50.0,0,0.0,0.0,0.9199960996536627
shared_doc_qa-cache_aware-copy_on_write-seed17-1781443465628,shared_doc_qa,cache_aware,copy_on_write,100.0,64,9.016845933606701,8.295463090096154,0.9199960996536627
shared_doc_qa-cache_aware-copy_on_write-seed17-1781443465628,shared_doc_qa,cache_aware,copy_on_write,150.0,64,9.016845933606701,8.295463090096154,0.9199960996536627
shared_doc_qa-cache_aware-copy_on_write-seed17-1781443465628,shared_doc_qa,cache_aware,copy_on_write,250.0,64,9.016845933606701,8.295463090096154,0.9199960996536627
shared_doc_qa-cache_aware-copy_on_write-seed17-1781443599877,shared_doc_qa,cache_aware,copy_on_write,25.0,44,18.271585388120446,16.851875266035602,0.9222995655862523
shared_doc_qa-cache_aware-copy_on_write-seed17-1781443599877,shared_doc_qa,cache_aware,copy_on_write,50.0,44,18.271585388120446,16.851875266035602,0.9222995655862523
shared_doc_qa-cache_aware-copy_on_write-seed17-1781443599877,shared_doc_qa,cache_aware,copy_on_write,100.0,48,19.9326386052223,18.38386392658429,0.9222995655862523
shared_doc_qa-cache_aware-copy_on_write-seed17-1781443599877,shared_doc_qa,cache_aware,copy_on_write,150.0,48,19.9326386052223,18.38386392658429,0.9222995655862523
shared_doc_qa-cache_aware-copy_on_write-seed17-1781443599877,shared_doc_qa,cache_aware,copy_on_write,250.0,48,19.9326386052223,18.38386392658429,0.9222995655862523
shared_doc_qa-cache_aware-copy_on_write-seed23-1781443601480,shared_doc_qa,cache_aware,copy_on_write,25.0,44,17.151647944412087,15.85056155349332,0.9241421935002663
shared_doc_qa-cache_aware-copy_on_write-seed23-1781443601480,shared_doc_qa,cache_aware,copy_on_write,50.0,44,17.151647944412087,15.85056155349332,0.9241421935002663
shared_doc_qa-cache_aware-copy_on_write-seed23-1781443601480,shared_doc_qa,cache_aware,copy_on_write,100.0,48,18.71088866663137,17.291521694719986,0.9241421935002663
shared_doc_qa-cache_aware-copy_on_write-seed23-1781443601480,shared_doc_qa,cache_aware,copy_on_write,150.0,48,18.71088866663137,17.291521694719986,0.9241421935002663
shared_doc_qa-cache_aware-copy_on_write-seed23-1781443601480,shared_doc_qa,cache_aware,copy_on_write,250.0,48,18.71088866663137,17.291521694719986,0.9241421935002663
shared_doc_qa-cache_aware-standard_lora-seed11-1781443356319,shared_doc_qa,cache_aware,standard_lora,25.0,44,17.911467689770312,16.452689962533107,0.9185562147947067
shared_doc_qa-cache_aware-standard_lora-seed11-1781443356319,shared_doc_qa,cache_aware,standard_lora,50.0,44,17.911467689770312,16.452689962533107,0.9185562147947067
shared_doc_qa-cache_aware-standard_lora-seed11-1781443356319,shared_doc_qa,cache_aware,standard_lora,100.0,48,19.539782934294884,17.948389050036116,0.9185562147947067
shared_doc_qa-cache_aware-standard_lora-seed11-1781443356319,shared_doc_qa,cache_aware,standard_lora,150.0,48,19.539782934294884,17.948389050036116,0.9185562147947067
shared_doc_qa-cache_aware-standard_lora-seed11-1781443356319,shared_doc_qa,cache_aware,standard_lora,250.0,48,19.539782934294884,17.948389050036116,0.9185562147947067
shared_doc_qa-cache_aware-standard_lora-seed11-1781443443955,shared_doc_qa,cache_aware,standard_lora,25.0,0,0.0,0.0,0.9212898254646238
shared_doc_qa-cache_aware-standard_lora-seed11-1781443443955,shared_doc_qa,cache_aware,standard_lora,50.0,0,0.0,0.0,0.9212898254646238
shared_doc_qa-cache_aware-standard_lora-seed11-1781443443955,shared_doc_qa,cache_aware,standard_lora,100.0,64,8.909768236420607,8.20847882346219,0.9212898254646238
shared_doc_qa-cache_aware-standard_lora-seed11-1781443443955,shared_doc_qa,cache_aware,standard_lora,150.0,64,8.909768236420607,8.20847882346219,0.9212898254646238
shared_doc_qa-cache_aware-standard_lora-seed11-1781443443955,shared_doc_qa,cache_aware,standard_lora,250.0,64,8.909768236420607,8.20847882346219,0.9212898254646238
shared_doc_qa-cache_aware-standard_lora-seed11-1781443572522,shared_doc_qa,cache_aware,standard_lora,25.0,44,17.911467689770312,16.452689962533107,0.9185562147947067
shared_doc_qa-cache_aware-standard_lora-seed11-1781443572522,shared_doc_qa,cache_aware,standard_lora,50.0,44,17.911467689770312,16.452689962533107,0.9185562147947067
shared_doc_qa-cache_aware-standard_lora-seed11-1781443572522,shared_doc_qa,cache_aware,standard_lora,100.0,48,19.539782934294884,17.948389050036116,0.9185562147947067
shared_doc_qa-cache_aware-standard_lora-seed11-1781443572522,shared_doc_qa,cache_aware,standard_lora,150.0,48,19.539782934294884,17.948389050036116,0.9185562147947067
shared_doc_qa-cache_aware-standard_lora-seed11-1781443572522,shared_doc_qa,cache_aware,standard_lora,250.0,48,19.539782934294884,17.948389050036116,0.9185562147947067
shared_doc_qa-cache_aware-standard_lora-seed17-1781443445029,shared_doc_qa,cache_aware,standard_lora,25.0,0,0.0,0.0,0.9199960996536627
shared_doc_qa-cache_aware-standard_lora-seed17-1781443445029,shared_doc_qa,cache_aware,standard_lora,50.0,0,0.0,0.0,0.9199960996536627
shared_doc_qa-cache_aware-standard_lora-seed17-1781443445029,shared_doc_qa,cache_aware,standard_lora,100.0,64,9.016845933606701,8.295463090096154,0.9199960996536627
shared_doc_qa-cache_aware-standard_lora-seed17-1781443445029,shared_doc_qa,cache_aware,standard_lora,150.0,64,9.016845933606701,8.295463090096154,0.9199960996536627
shared_doc_qa-cache_aware-standard_lora-seed17-1781443445029,shared_doc_qa,cache_aware,standard_lora,250.0,64,9.016845933606701,8.295463090096154,0.9199960996536627
shared_doc_qa-cache_aware-standard_lora-seed17-1781443573944,shared_doc_qa,cache_aware,standard_lora,25.0,44,18.271585388120446,16.851875266035602,0.9222995655862523
shared_doc_qa-cache_aware-standard_lora-seed17-1781443573944,shared_doc_qa,cache_aware,standard_lora,50.0,44,18.271585388120446,16.851875266035602,0.9222995655862523
shared_doc_qa-cache_aware-standard_lora-seed17-1781443573944,shared_doc_qa,cache_aware,standard_lora,100.0,48,19.9326386052223,18.38386392658429,0.9222995655862523
shared_doc_qa-cache_aware-standard_lora-seed17-1781443573944,shared_doc_qa,cache_aware,standard_lora,150.0,48,19.9326386052223,18.38386392658429,0.9222995655862523
shared_doc_qa-cache_aware-standard_lora-seed17-1781443573944,shared_doc_qa,cache_aware,standard_lora,250.0,48,19.9326386052223,18.38386392658429,0.9222995655862523
shared_doc_qa-cache_aware-standard_lora-seed23-1781443575352,shared_doc_qa,cache_aware,standard_lora,25.0,44,17.151647944412087,15.85056155349332,0.9241421935002663
shared_doc_qa-cache_aware-standard_lora-seed23-1781443575352,shared_doc_qa,cache_aware,standard_lora,50.0,44,17.151647944412087,15.85056155349332,0.9241421935002663
shared_doc_qa-cache_aware-standard_lora-seed23-1781443575352,shared_doc_qa,cache_aware,standard_lora,100.0,48,18.71088866663137,17.291521694719986,0.9241421935002663
shared_doc_qa-cache_aware-standard_lora-seed23-1781443575352,shared_doc_qa,cache_aware,standard_lora,150.0,48,18.71088866663137,17.291521694719986,0.9241421935002663
shared_doc_qa-cache_aware-standard_lora-seed23-1781443575352,shared_doc_qa,cache_aware,standard_lora,250.0,48,18.71088866663137,17.291521694719986,0.9241421935002663
shared_doc_qa-multitask-activated_lora-seed11-1781443332756,shared_doc_qa,multitask,activated_lora,25.0,44,17.31869212188398,14.191210819677494,0.8194158496382884
shared_doc_qa-multitask-activated_lora-seed11-1781443332756,shared_doc_qa,multitask,activated_lora,50.0,44,17.31869212188398,14.191210819677494,0.8194158496382884
shared_doc_qa-multitask-activated_lora-seed11-1781443332756,shared_doc_qa,multitask,activated_lora,100.0,48,18.89311867841889,15.481320894193631,0.8194158496382884
shared_doc_qa-multitask-activated_lora-seed11-1781443332756,shared_doc_qa,multitask,activated_lora,150.0,48,18.89311867841889,15.481320894193631,0.8194158496382884
shared_doc_qa-multitask-activated_lora-seed11-1781443332756,shared_doc_qa,multitask,activated_lora,250.0,48,18.89311867841889,15.481320894193631,0.8194158496382884
shared_doc_qa-multitask-activated_lora-seed11-1781443430903,shared_doc_qa,multitask,activated_lora,25.0,0,0.0,0.0,0.818134465928226
shared_doc_qa-multitask-activated_lora-seed11-1781443430903,shared_doc_qa,multitask,activated_lora,50.0,0,0.0,0.0,0.818134465928226
shared_doc_qa-multitask-activated_lora-seed11-1781443430903,shared_doc_qa,multitask,activated_lora,100.0,64,8.770700421234434,7.1756123049431,0.818134465928226
shared_doc_qa-multitask-activated_lora-seed11-1781443430903,shared_doc_qa,multitask,activated_lora,150.0,64,8.770700421234434,7.1756123049431,0.818134465928226
shared_doc_qa-multitask-activated_lora-seed11-1781443430903,shared_doc_qa,multitask,activated_lora,250.0,64,8.770700421234434,7.1756123049431,0.818134465928226
shared_doc_qa-multitask-activated_lora-seed11-1781443547352,shared_doc_qa,multitask,activated_lora,25.0,44,17.31869212188398,14.191210819677494,0.8194158496382884
shared_doc_qa-multitask-activated_lora-seed11-1781443547352,shared_doc_qa,multitask,activated_lora,50.0,44,17.31869212188398,14.191210819677494,0.8194158496382884
shared_doc_qa-multitask-activated_lora-seed11-1781443547352,shared_doc_qa,multitask,activated_lora,100.0,48,18.89311867841889,15.481320894193631,0.8194158496382884
shared_doc_qa-multitask-activated_lora-seed11-1781443547352,shared_doc_qa,multitask,activated_lora,150.0,48,18.89311867841889,15.481320894193631,0.8194158496382884
shared_doc_qa-multitask-activated_lora-seed11-1781443547352,shared_doc_qa,multitask,activated_lora,250.0,48,18.89311867841889,15.481320894193631,0.8194158496382884
shared_doc_qa-multitask-activated_lora-seed17-1781443431947,shared_doc_qa,multitask,activated_lora,25.0,0,0.0,0.0,0.8201065236149893
shared_doc_qa-multitask-activated_lora-seed17-1781443431947,shared_doc_qa,multitask,activated_lora,50.0,0,0.0,0.0,0.8201065236149893
shared_doc_qa-multitask-activated_lora-seed17-1781443431947,shared_doc_qa,multitask,activated_lora,100.0,64,8.869147904207578,7.273646055146845,0.8201065236149893
shared_doc_qa-multitask-activated_lora-seed17-1781443431947,shared_doc_qa,multitask,activated_lora,150.0,64,8.869147904207578,7.273646055146845,0.8201065236149893
shared_doc_qa-multitask-activated_lora-seed17-1781443431947,shared_doc_qa,multitask,activated_lora,250.0,64,8.869147904207578,7.273646055146845,0.8201065236149893
shared_doc_qa-multitask-activated_lora-seed17-1781443548724,shared_doc_qa,multitask,activated_lora,25.0,44,17.649759408662288,14.462640993635583,0.8194242572245769
shared_doc_qa-multitask-activated_lora-seed17-1781443548724,shared_doc_qa,multitask,activated_lora,50.0,44,17.649759408662288,14.462640993635583,0.8194242572245769
shared_doc_qa-multitask-activated_lora-seed17-1781443548724,shared_doc_qa,multitask,activated_lora,100.0,48,19.25428299126795,15.777426538511545,0.8194242572245769
shared_doc_qa-multitask-activated_lora-seed17-1781443548724,shared_doc_qa,multitask,activated_lora,150.0,48,19.25428299126795,15.777426538511545,0.8194242572245769
shared_doc_qa-multitask-activated_lora-seed17-1781443548724,shared_doc_qa,multitask,activated_lora,250.0,48,19.25428299126795,15.777426538511545,0.8194242572245769
shared_doc_qa-multitask-activated_lora-seed23-1781443550120,shared_doc_qa,multitask,activated_lora,25.0,44,17.955784647724354,14.802180974825404,0.8243683729355361
shared_doc_qa-multitask-activated_lora-seed23-1781443550120,shared_doc_qa,multitask,activated_lora,50.0,44,17.955784647724354,14.802180974825404,0.8243683729355361
shared_doc_qa-multitask-activated_lora-seed23-1781443550120,shared_doc_qa,multitask,activated_lora,100.0,48,19.588128706608387,16.147833790718625,0.8243683729355361
shared_doc_qa-multitask-activated_lora-seed23-1781443550120,shared_doc_qa,multitask,activated_lora,150.0,48,19.588128706608387,16.147833790718625,0.8243683729355361
shared_doc_qa-multitask-activated_lora-seed23-1781443550120,shared_doc_qa,multitask,activated_lora,250.0,48,19.588128706608387,16.147833790718625,0.8243683729355361
shared_doc_qa-multitask-base_shared-seed11-1781443329092,shared_doc_qa,multitask,base_shared,25.0,44,17.21434663259075,14.105708471912358,0.8194158496382884
shared_doc_qa-multitask-base_shared-seed11-1781443329092,shared_doc_qa,multitask,base_shared,50.0,44,17.21434663259075,14.105708471912358,0.8194158496382884
shared_doc_qa-multitask-base_shared-seed11-1781443329092,shared_doc_qa,multitask,base_shared,100.0,48,18.779287235553547,15.388045605722574,0.8194158496382884
shared_doc_qa-multitask-base_shared-seed11-1781443329092,shared_doc_qa,multitask,base_shared,150.0,48,18.779287235553547,15.388045605722574,0.8194158496382884
shared_doc_qa-multitask-base_shared-seed11-1781443329092,shared_doc_qa,multitask,base_shared,250.0,48,18.779287235553547,15.388045605722574,0.8194158496382884
shared_doc_qa-multitask-base_shared-seed11-1781443424561,shared_doc_qa,multitask,base_shared,25.0,0,0.0,0.0,0.818134465928226
shared_doc_qa-multitask-base_shared-seed11-1781443424561,shared_doc_qa,multitask,base_shared,50.0,0,0.0,0.0,0.818134465928226
shared_doc_qa-multitask-base_shared-seed11-1781443424561,shared_doc_qa,multitask,base_shared,100.0,64,8.770700421234434,7.1756123049431,0.818134465928226
shared_doc_qa-multitask-base_shared-seed11-1781443424561,shared_doc_qa,multitask,base_shared,150.0,64,8.770700421234434,7.1756123049431,0.818134465928226
shared_doc_qa-multitask-base_shared-seed11-1781443424561,shared_doc_qa,multitask,base_shared,250.0,64,8.770700421234434,7.1756123049431,0.818134465928226
shared_doc_qa-multitask-base_shared-seed17-1781443425619,shared_doc_qa,multitask,base_shared,25.0,0,0.0,0.0,0.8201065236149893
shared_doc_qa-multitask-base_shared-seed17-1781443425619,shared_doc_qa,multitask,base_shared,50.0,0,0.0,0.0,0.8201065236149893
shared_doc_qa-multitask-base_shared-seed17-1781443425619,shared_doc_qa,multitask,base_shared,100.0,64,8.869147904207578,7.273646055146845,0.8201065236149893
shared_doc_qa-multitask-base_shared-seed17-1781443425619,shared_doc_qa,multitask,base_shared,150.0,64,8.869147904207578,7.273646055146845,0.8201065236149893
shared_doc_qa-multitask-base_shared-seed17-1781443425619,shared_doc_qa,multitask,base_shared,250.0,64,8.869147904207578,7.273646055146845,0.8201065236149893
shared_doc_qa-multitask-copy_on_write-seed11-1781443336439,shared_doc_qa,multitask,copy_on_write,25.0,44,17.21434663259075,14.105708471912358,0.8194158496382884
shared_doc_qa-multitask-copy_on_write-seed11-1781443336439,shared_doc_qa,multitask,copy_on_write,50.0,44,17.21434663259075,14.105708471912358,0.8194158496382884
shared_doc_qa-multitask-copy_on_write-seed11-1781443336439,shared_doc_qa,multitask,copy_on_write,100.0,48,18.779287235553547,15.388045605722574,0.8194158496382884
shared_doc_qa-multitask-copy_on_write-seed11-1781443336439,shared_doc_qa,multitask,copy_on_write,150.0,48,18.779287235553547,15.388045605722574,0.8194158496382884
shared_doc_qa-multitask-copy_on_write-seed11-1781443336439,shared_doc_qa,multitask,copy_on_write,250.0,48,18.779287235553547,15.388045605722574,0.8194158496382884
shared_doc_qa-multitask-copy_on_write-seed11-1781443437405,shared_doc_qa,multitask,copy_on_write,25.0,0,0.0,0.0,0.818134465928226
shared_doc_qa-multitask-copy_on_write-seed11-1781443437405,shared_doc_qa,multitask,copy_on_write,50.0,0,0.0,0.0,0.818134465928226
shared_doc_qa-multitask-copy_on_write-seed11-1781443437405,shared_doc_qa,multitask,copy_on_write,100.0,64,8.770700421234434,7.1756123049431,0.818134465928226
shared_doc_qa-multitask-copy_on_write-seed11-1781443437405,shared_doc_qa,multitask,copy_on_write,150.0,64,8.770700421234434,7.1756123049431,0.818134465928226
shared_doc_qa-multitask-copy_on_write-seed11-1781443437405,shared_doc_qa,multitask,copy_on_write,250.0,64,8.770700421234434,7.1756123049431,0.818134465928226
shared_doc_qa-multitask-copy_on_write-seed11-1781443559822,shared_doc_qa,multitask,copy_on_write,25.0,44,17.21434663259075,14.105708471912358,0.8194158496382884
shared_doc_qa-multitask-copy_on_write-seed11-1781443559822,shared_doc_qa,multitask,copy_on_write,50.0,44,17.21434663259075,14.105708471912358,0.8194158496382884
shared_doc_qa-multitask-copy_on_write-seed11-1781443559822,shared_doc_qa,multitask,copy_on_write,100.0,48,18.779287235553547,15.388045605722574,0.8194158496382884
shared_doc_qa-multitask-copy_on_write-seed11-1781443559822,shared_doc_qa,multitask,copy_on_write,150.0,48,18.779287235553547,15.388045605722574,0.8194158496382884
shared_doc_qa-multitask-copy_on_write-seed11-1781443559822,shared_doc_qa,multitask,copy_on_write,250.0,48,18.779287235553547,15.388045605722574,0.8194158496382884
shared_doc_qa-multitask-copy_on_write-seed17-1781443438461,shared_doc_qa,multitask,copy_on_write,25.0,0,0.0,0.0,0.8201065236149893
shared_doc_qa-multitask-copy_on_write-seed17-1781443438461,shared_doc_qa,multitask,copy_on_write,50.0,0,0.0,0.0,0.8201065236149893
shared_doc_qa-multitask-copy_on_write-seed17-1781443438461,shared_doc_qa,multitask,copy_on_write,100.0,64,8.869147904207578,7.273646055146845,0.8201065236149893
shared_doc_qa-multitask-copy_on_write-seed17-1781443438461,shared_doc_qa,multitask,copy_on_write,150.0,64,8.869147904207578,7.273646055146845,0.8201065236149893
shared_doc_qa-multitask-copy_on_write-seed17-1781443438461,shared_doc_qa,multitask,copy_on_write,250.0,64,8.869147904207578,7.273646055146845,0.8201065236149893
shared_doc_qa-multitask-copy_on_write-seed17-1781443561194,shared_doc_qa,multitask,copy_on_write,25.0,44,17.54139889410199,14.373847759479538,0.8194242572245769
shared_doc_qa-multitask-copy_on_write-seed17-1781443561194,shared_doc_qa,multitask,copy_on_write,50.0,44,17.54139889410199,14.373847759479538,0.8194242572245769
shared_doc_qa-multitask-copy_on_write-seed17-1781443561194,shared_doc_qa,multitask,copy_on_write,100.0,48,19.136071520838534,15.680561192159496,0.8194242572245769
shared_doc_qa-multitask-copy_on_write-seed17-1781443561194,shared_doc_qa,multitask,copy_on_write,150.0,48,19.136071520838534,15.680561192159496,0.8194242572245769
shared_doc_qa-multitask-copy_on_write-seed17-1781443561194,shared_doc_qa,multitask,copy_on_write,250.0,48,19.136071520838534,15.680561192159496,0.8194242572245769
shared_doc_qa-multitask-copy_on_write-seed23-1781443562609,shared_doc_qa,multitask,copy_on_write,25.0,44,17.843645816162503,14.709737268707869,0.8243683729355361
shared_doc_qa-multitask-copy_on_write-seed23-1781443562609,shared_doc_qa,multitask,copy_on_write,50.0,44,17.843645816162503,14.709737268707869,0.8243683729355361
shared_doc_qa-multitask-copy_on_write-seed23-1781443562609,shared_doc_qa,multitask,copy_on_write,100.0,48,19.46579543581364,16.046986111317675,0.8243683729355361
shared_doc_qa-multitask-copy_on_write-seed23-1781443562609,shared_doc_qa,multitask,copy_on_write,150.0,48,19.46579543581364,16.046986111317675,0.8243683729355361
shared_doc_qa-multitask-copy_on_write-seed23-1781443562609,shared_doc_qa,multitask,copy_on_write,250.0,48,19.46579543581364,16.046986111317675,0.8243683729355361
shared_doc_qa-multitask-standard_lora-seed11-1781443325547,shared_doc_qa,multitask,standard_lora,25.0,44,17.21434663259075,14.105708471912358,0.8194158496382884
shared_doc_qa-multitask-standard_lora-seed11-1781443325547,shared_doc_qa,multitask,standard_lora,50.0,44,17.21434663259075,14.105708471912358,0.8194158496382884
shared_doc_qa-multitask-standard_lora-seed11-1781443325547,shared_doc_qa,multitask,standard_lora,100.0,48,18.779287235553547,15.388045605722574,0.8194158496382884
shared_doc_qa-multitask-standard_lora-seed11-1781443325547,shared_doc_qa,multitask,standard_lora,150.0,48,18.779287235553547,15.388045605722574,0.8194158496382884
shared_doc_qa-multitask-standard_lora-seed11-1781443325547,shared_doc_qa,multitask,standard_lora,250.0,48,18.779287235553547,15.388045605722574,0.8194158496382884
shared_doc_qa-multitask-standard_lora-seed11-1781443418071,shared_doc_qa,multitask,standard_lora,25.0,0,0.0,0.0,0.818134465928226
shared_doc_qa-multitask-standard_lora-seed11-1781443418071,shared_doc_qa,multitask,standard_lora,50.0,0,0.0,0.0,0.818134465928226
shared_doc_qa-multitask-standard_lora-seed11-1781443418071,shared_doc_qa,multitask,standard_lora,100.0,64,8.770700421234434,7.1756123049431,0.818134465928226
shared_doc_qa-multitask-standard_lora-seed11-1781443418071,shared_doc_qa,multitask,standard_lora,150.0,64,8.770700421234434,7.1756123049431,0.818134465928226
shared_doc_qa-multitask-standard_lora-seed11-1781443418071,shared_doc_qa,multitask,standard_lora,250.0,64,8.770700421234434,7.1756123049431,0.818134465928226
shared_doc_qa-multitask-standard_lora-seed11-1781443535198,shared_doc_qa,multitask,standard_lora,25.0,44,17.21434663259075,14.105708471912358,0.8194158496382884
shared_doc_qa-multitask-standard_lora-seed11-1781443535198,shared_doc_qa,multitask,standard_lora,50.0,44,17.21434663259075,14.105708471912358,0.8194158496382884
shared_doc_qa-multitask-standard_lora-seed11-1781443535198,shared_doc_qa,multitask,standard_lora,100.0,48,18.779287235553547,15.388045605722574,0.8194158496382884
shared_doc_qa-multitask-standard_lora-seed11-1781443535198,shared_doc_qa,multitask,standard_lora,150.0,48,18.779287235553547,15.388045605722574,0.8194158496382884
shared_doc_qa-multitask-standard_lora-seed11-1781443535198,shared_doc_qa,multitask,standard_lora,250.0,48,18.779287235553547,15.388045605722574,0.8194158496382884
shared_doc_qa-multitask-standard_lora-seed17-1781443419160,shared_doc_qa,multitask,standard_lora,25.0,0,0.0,0.0,0.8201065236149893
shared_doc_qa-multitask-standard_lora-seed17-1781443419160,shared_doc_qa,multitask,standard_lora,50.0,0,0.0,0.0,0.8201065236149893
shared_doc_qa-multitask-standard_lora-seed17-1781443419160,shared_doc_qa,multitask,standard_lora,100.0,64,8.869147904207578,7.273646055146845,0.8201065236149893
shared_doc_qa-multitask-standard_lora-seed17-1781443419160,shared_doc_qa,multitask,standard_lora,150.0,64,8.869147904207578,7.273646055146845,0.8201065236149893
shared_doc_qa-multitask-standard_lora-seed17-1781443419160,shared_doc_qa,multitask,standard_lora,250.0,64,8.869147904207578,7.273646055146845,0.8201065236149893
shared_doc_qa-multitask-standard_lora-seed17-1781443536581,shared_doc_qa,multitask,standard_lora,25.0,44,17.54139889410199,14.373847759479538,0.8194242572245769
shared_doc_qa-multitask-standard_lora-seed17-1781443536581,shared_doc_qa,multitask,standard_lora,50.0,44,17.54139889410199,14.373847759479538,0.8194242572245769
shared_doc_qa-multitask-standard_lora-seed17-1781443536581,shared_doc_qa,multitask,standard_lora,100.0,48,19.136071520838534,15.680561192159496,0.8194242572245769
shared_doc_qa-multitask-standard_lora-seed17-1781443536581,shared_doc_qa,multitask,standard_lora,150.0,48,19.136071520838534,15.680561192159496,0.8194242572245769
shared_doc_qa-multitask-standard_lora-seed17-1781443536581,shared_doc_qa,multitask,standard_lora,250.0,48,19.136071520838534,15.680561192159496,0.8194242572245769
shared_doc_qa-multitask-standard_lora-seed23-1781443538042,shared_doc_qa,multitask,standard_lora,25.0,44,17.843645816162503,14.709737268707869,0.8243683729355361
shared_doc_qa-multitask-standard_lora-seed23-1781443538042,shared_doc_qa,multitask,standard_lora,50.0,44,17.843645816162503,14.709737268707869,0.8243683729355361
shared_doc_qa-multitask-standard_lora-seed23-1781443538042,shared_doc_qa,multitask,standard_lora,100.0,48,19.46579543581364,16.046986111317675,0.8243683729355361
shared_doc_qa-multitask-standard_lora-seed23-1781443538042,shared_doc_qa,multitask,standard_lora,150.0,48,19.46579543581364,16.046986111317675,0.8243683729355361
shared_doc_qa-multitask-standard_lora-seed23-1781443538042,shared_doc_qa,multitask,standard_lora,250.0,48,19.46579543581364,16.046986111317675,0.8243683729355361
shared_doc_qa-oracle-activated_lora-seed11-1781443383515,shared_doc_qa,oracle,activated_lora,25.0,44,18.024463296959443,16.556482779761186,0.9185562147947067
shared_doc_qa-oracle-activated_lora-seed11-1781443383515,shared_doc_qa,oracle,activated_lora,50.0,44,18.024463296959443,16.556482779761186,0.9185562147947067
shared_doc_qa-oracle-activated_lora-seed11-1781443383515,shared_doc_qa,oracle,activated_lora,100.0,48,19.663050869410302,18.061617577921293,0.9185562147947067
shared_doc_qa-oracle-activated_lora-seed11-1781443383515,shared_doc_qa,oracle,activated_lora,150.0,48,19.663050869410302,18.061617577921293,0.9185562147947067
shared_doc_qa-oracle-activated_lora-seed11-1781443383515,shared_doc_qa,oracle,activated_lora,250.0,48,19.663050869410302,18.061617577921293,0.9185562147947067
shared_doc_qa-oracle-activated_lora-seed11-1781443485831,shared_doc_qa,oracle,activated_lora,25.0,0,0.0,0.0,0.9212898254646238
shared_doc_qa-oracle-activated_lora-seed11-1781443485831,shared_doc_qa,oracle,activated_lora,50.0,0,0.0,0.0,0.9212898254646238
shared_doc_qa-oracle-activated_lora-seed11-1781443485831,shared_doc_qa,oracle,activated_lora,100.0,64,8.909768236420607,8.20847882346219,0.9212898254646238
shared_doc_qa-oracle-activated_lora-seed11-1781443485831,shared_doc_qa,oracle,activated_lora,150.0,64,8.909768236420607,8.20847882346219,0.9212898254646238
shared_doc_qa-oracle-activated_lora-seed11-1781443485831,shared_doc_qa,oracle,activated_lora,250.0,64,8.909768236420607,8.20847882346219,0.9212898254646238
shared_doc_qa-oracle-activated_lora-seed11-1781443625598,shared_doc_qa,oracle,activated_lora,25.0,44,18.024463296959443,16.556482779761186,0.9185562147947067
shared_doc_qa-oracle-activated_lora-seed11-1781443625598,shared_doc_qa,oracle,activated_lora,50.0,44,18.024463296959443,16.556482779761186,0.9185562147947067
shared_doc_qa-oracle-activated_lora-seed11-1781443625598,shared_doc_qa,oracle,activated_lora,100.0,48,19.663050869410302,18.061617577921293,0.9185562147947067
shared_doc_qa-oracle-activated_lora-seed11-1781443625598,shared_doc_qa,oracle,activated_lora,150.0,48,19.663050869410302,18.061617577921293,0.9185562147947067
shared_doc_qa-oracle-activated_lora-seed11-1781443625598,shared_doc_qa,oracle,activated_lora,250.0,48,19.663050869410302,18.061617577921293,0.9185562147947067
shared_doc_qa-oracle-activated_lora-seed17-1781443487000,shared_doc_qa,oracle,activated_lora,25.0,0,0.0,0.0,0.9199960996536627
shared_doc_qa-oracle-activated_lora-seed17-1781443487000,shared_doc_qa,oracle,activated_lora,50.0,0,0.0,0.0,0.9199960996536627
shared_doc_qa-oracle-activated_lora-seed17-1781443487000,shared_doc_qa,oracle,activated_lora,100.0,64,9.016845933606701,8.295463090096154,0.9199960996536627
shared_doc_qa-oracle-activated_lora-seed17-1781443487000,shared_doc_qa,oracle,activated_lora,150.0,64,9.016845933606701,8.295463090096154,0.9199960996536627
shared_doc_qa-oracle-activated_lora-seed17-1781443487000,shared_doc_qa,oracle,activated_lora,250.0,64,9.016845933606701,8.295463090096154,0.9199960996536627
shared_doc_qa-oracle-activated_lora-seed17-1781443627098,shared_doc_qa,oracle,activated_lora,25.0,44,18.389185237017088,16.960337555585983,0.9222995655862523
shared_doc_qa-oracle-activated_lora-seed17-1781443627098,shared_doc_qa,oracle,activated_lora,50.0,44,18.389185237017088,16.960337555585983,0.9222995655862523
shared_doc_qa-oracle-activated_lora-seed17-1781443627098,shared_doc_qa,oracle,activated_lora,100.0,48,20.060929349473188,18.50218642427562,0.9222995655862523
shared_doc_qa-oracle-activated_lora-seed17-1781443627098,shared_doc_qa,oracle,activated_lora,150.0,48,20.060929349473188,18.50218642427562,0.9222995655862523
shared_doc_qa-oracle-activated_lora-seed17-1781443627098,shared_doc_qa,oracle,activated_lora,250.0,48,20.060929349473188,18.50218642427562,0.9222995655862523
shared_doc_qa-oracle-activated_lora-seed23-1781443628582,shared_doc_qa,oracle,activated_lora,25.0,44,17.255232429552834,15.946288346803884,0.9241421935002663
shared_doc_qa-oracle-activated_lora-seed23-1781443628582,shared_doc_qa,oracle,activated_lora,50.0,44,17.255232429552834,15.946288346803884,0.9241421935002663
shared_doc_qa-oracle-activated_lora-seed23-1781443628582,shared_doc_qa,oracle,activated_lora,100.0,48,18.823889923148545,17.395950923786057,0.9241421935002663
shared_doc_qa-oracle-activated_lora-seed23-1781443628582,shared_doc_qa,oracle,activated_lora,150.0,48,18.823889923148545,17.395950923786057,0.9241421935002663
shared_doc_qa-oracle-activated_lora-seed23-1781443628582,shared_doc_qa,oracle,activated_lora,250.0,48,18.823889923148545,17.395950923786057,0.9241421935002663
shared_doc_qa-oracle-base_shared-seed11-1781443378726,shared_doc_qa,oracle,base_shared,25.0,44,17.911467689770312,16.452689962533107,0.9185562147947067
shared_doc_qa-oracle-base_shared-seed11-1781443378726,shared_doc_qa,oracle,base_shared,50.0,44,17.911467689770312,16.452689962533107,0.9185562147947067
shared_doc_qa-oracle-base_shared-seed11-1781443378726,shared_doc_qa,oracle,base_shared,100.0,48,19.539782934294884,17.948389050036116,0.9185562147947067
shared_doc_qa-oracle-base_shared-seed11-1781443378726,shared_doc_qa,oracle,base_shared,150.0,48,19.539782934294884,17.948389050036116,0.9185562147947067
shared_doc_qa-oracle-base_shared-seed11-1781443378726,shared_doc_qa,oracle,base_shared,250.0,48,19.539782934294884,17.948389050036116,0.9185562147947067
shared_doc_qa-oracle-base_shared-seed11-1781443478611,shared_doc_qa,oracle,base_shared,25.0,0,0.0,0.0,0.9212898254646238
shared_doc_qa-oracle-base_shared-seed11-1781443478611,shared_doc_qa,oracle,base_shared,50.0,0,0.0,0.0,0.9212898254646238
shared_doc_qa-oracle-base_shared-seed11-1781443478611,shared_doc_qa,oracle,base_shared,100.0,64,8.909768236420607,8.20847882346219,0.9212898254646238
shared_doc_qa-oracle-base_shared-seed11-1781443478611,shared_doc_qa,oracle,base_shared,150.0,64,8.909768236420607,8.20847882346219,0.9212898254646238
shared_doc_qa-oracle-base_shared-seed11-1781443478611,shared_doc_qa,oracle,base_shared,250.0,64,8.909768236420607,8.20847882346219,0.9212898254646238
shared_doc_qa-oracle-base_shared-seed17-1781443479800,shared_doc_qa,oracle,base_shared,25.0,0,0.0,0.0,0.9199960996536627
shared_doc_qa-oracle-base_shared-seed17-1781443479800,shared_doc_qa,oracle,base_shared,50.0,0,0.0,0.0,0.9199960996536627
shared_doc_qa-oracle-base_shared-seed17-1781443479800,shared_doc_qa,oracle,base_shared,100.0,64,9.016845933606701,8.295463090096154,0.9199960996536627
shared_doc_qa-oracle-base_shared-seed17-1781443479800,shared_doc_qa,oracle,base_shared,150.0,64,9.016845933606701,8.295463090096154,0.9199960996536627
shared_doc_qa-oracle-base_shared-seed17-1781443479800,shared_doc_qa,oracle,base_shared,250.0,64,9.016845933606701,8.295463090096154,0.9199960996536627
shared_doc_qa-oracle-copy_on_write-seed11-1781443388444,shared_doc_qa,oracle,copy_on_write,25.0,44,17.911467689770312,16.452689962533107,0.9185562147947067
shared_doc_qa-oracle-copy_on_write-seed11-1781443388444,shared_doc_qa,oracle,copy_on_write,50.0,44,17.911467689770312,16.452689962533107,0.9185562147947067
shared_doc_qa-oracle-copy_on_write-seed11-1781443388444,shared_doc_qa,oracle,copy_on_write,100.0,48,19.539782934294884,17.948389050036116,0.9185562147947067
shared_doc_qa-oracle-copy_on_write-seed11-1781443388444,shared_doc_qa,oracle,copy_on_write,150.0,48,19.539782934294884,17.948389050036116,0.9185562147947067
shared_doc_qa-oracle-copy_on_write-seed11-1781443388444,shared_doc_qa,oracle,copy_on_write,250.0,48,19.539782934294884,17.948389050036116,0.9185562147947067
shared_doc_qa-oracle-copy_on_write-seed11-1781443493163,shared_doc_qa,oracle,copy_on_write,25.0,0,0.0,0.0,0.9212898254646238
shared_doc_qa-oracle-copy_on_write-seed11-1781443493163,shared_doc_qa,oracle,copy_on_write,50.0,0,0.0,0.0,0.9212898254646238
shared_doc_qa-oracle-copy_on_write-seed11-1781443493163,shared_doc_qa,oracle,copy_on_write,100.0,64,8.909768236420607,8.20847882346219,0.9212898254646238
shared_doc_qa-oracle-copy_on_write-seed11-1781443493163,shared_doc_qa,oracle,copy_on_write,150.0,64,8.909768236420607,8.20847882346219,0.9212898254646238
shared_doc_qa-oracle-copy_on_write-seed11-1781443493163,shared_doc_qa,oracle,copy_on_write,250.0,64,8.909768236420607,8.20847882346219,0.9212898254646238
shared_doc_qa-oracle-copy_on_write-seed11-1781443639092,shared_doc_qa,oracle,copy_on_write,25.0,44,17.911467689770312,16.452689962533107,0.9185562147947067
shared_doc_qa-oracle-copy_on_write-seed11-1781443639092,shared_doc_qa,oracle,copy_on_write,50.0,44,17.911467689770312,16.452689962533107,0.9185562147947067
shared_doc_qa-oracle-copy_on_write-seed11-1781443639092,shared_doc_qa,oracle,copy_on_write,100.0,48,19.539782934294884,17.948389050036116,0.9185562147947067
shared_doc_qa-oracle-copy_on_write-seed11-1781443639092,shared_doc_qa,oracle,copy_on_write,150.0,48,19.539782934294884,17.948389050036116,0.9185562147947067
shared_doc_qa-oracle-copy_on_write-seed11-1781443639092,shared_doc_qa,oracle,copy_on_write,250.0,48,19.539782934294884,17.948389050036116,0.9185562147947067
shared_doc_qa-oracle-copy_on_write-seed17-1781443494414,shared_doc_qa,oracle,copy_on_write,25.0,0,0.0,0.0,0.9199960996536627
shared_doc_qa-oracle-copy_on_write-seed17-1781443494414,shared_doc_qa,oracle,copy_on_write,50.0,0,0.0,0.0,0.9199960996536627
shared_doc_qa-oracle-copy_on_write-seed17-1781443494414,shared_doc_qa,oracle,copy_on_write,100.0,64,9.016845933606701,8.295463090096154,0.9199960996536627
shared_doc_qa-oracle-copy_on_write-seed17-1781443494414,shared_doc_qa,oracle,copy_on_write,150.0,64,9.016845933606701,8.295463090096154,0.9199960996536627
shared_doc_qa-oracle-copy_on_write-seed17-1781443494414,shared_doc_qa,oracle,copy_on_write,250.0,64,9.016845933606701,8.295463090096154,0.9199960996536627
shared_doc_qa-oracle-copy_on_write-seed17-1781443640623,shared_doc_qa,oracle,copy_on_write,25.0,44,18.271585388120446,16.851875266035602,0.9222995655862523
shared_doc_qa-oracle-copy_on_write-seed17-1781443640623,shared_doc_qa,oracle,copy_on_write,50.0,44,18.271585388120446,16.851875266035602,0.9222995655862523
shared_doc_qa-oracle-copy_on_write-seed17-1781443640623,shared_doc_qa,oracle,copy_on_write,100.0,48,19.9326386052223,18.38386392658429,0.9222995655862523
shared_doc_qa-oracle-copy_on_write-seed17-1781443640623,shared_doc_qa,oracle,copy_on_write,150.0,48,19.9326386052223,18.38386392658429,0.9222995655862523
shared_doc_qa-oracle-copy_on_write-seed17-1781443640623,shared_doc_qa,oracle,copy_on_write,250.0,48,19.9326386052223,18.38386392658429,0.9222995655862523
shared_doc_qa-oracle-copy_on_write-seed23-1781443642147,shared_doc_qa,oracle,copy_on_write,25.0,44,17.151647944412087,15.85056155349332,0.9241421935002663
shared_doc_qa-oracle-copy_on_write-seed23-1781443642147,shared_doc_qa,oracle,copy_on_write,50.0,44,17.151647944412087,15.85056155349332,0.9241421935002663
shared_doc_qa-oracle-copy_on_write-seed23-1781443642147,shared_doc_qa,oracle,copy_on_write,100.0,48,18.71088866663137,17.291521694719986,0.9241421935002663
shared_doc_qa-oracle-copy_on_write-seed23-1781443642147,shared_doc_qa,oracle,copy_on_write,150.0,48,18.71088866663137,17.291521694719986,0.9241421935002663
shared_doc_qa-oracle-copy_on_write-seed23-1781443642147,shared_doc_qa,oracle,copy_on_write,250.0,48,18.71088866663137,17.291521694719986,0.9241421935002663
shared_doc_qa-oracle-standard_lora-seed11-1781443374034,shared_doc_qa,oracle,standard_lora,25.0,44,17.911467689770312,16.452689962533107,0.9185562147947067
shared_doc_qa-oracle-standard_lora-seed11-1781443374034,shared_doc_qa,oracle,standard_lora,50.0,44,17.911467689770312,16.452689962533107,0.9185562147947067
shared_doc_qa-oracle-standard_lora-seed11-1781443374034,shared_doc_qa,oracle,standard_lora,100.0,48,19.539782934294884,17.948389050036116,0.9185562147947067
shared_doc_qa-oracle-standard_lora-seed11-1781443374034,shared_doc_qa,oracle,standard_lora,150.0,48,19.539782934294884,17.948389050036116,0.9185562147947067
shared_doc_qa-oracle-standard_lora-seed11-1781443374034,shared_doc_qa,oracle,standard_lora,250.0,48,19.539782934294884,17.948389050036116,0.9185562147947067
shared_doc_qa-oracle-standard_lora-seed11-1781443471550,shared_doc_qa,oracle,standard_lora,25.0,0,0.0,0.0,0.9212898254646238
shared_doc_qa-oracle-standard_lora-seed11-1781443471550,shared_doc_qa,oracle,standard_lora,50.0,0,0.0,0.0,0.9212898254646238
shared_doc_qa-oracle-standard_lora-seed11-1781443471550,shared_doc_qa,oracle,standard_lora,100.0,64,8.909768236420607,8.20847882346219,0.9212898254646238
shared_doc_qa-oracle-standard_lora-seed11-1781443471550,shared_doc_qa,oracle,standard_lora,150.0,64,8.909768236420607,8.20847882346219,0.9212898254646238
shared_doc_qa-oracle-standard_lora-seed11-1781443471550,shared_doc_qa,oracle,standard_lora,250.0,64,8.909768236420607,8.20847882346219,0.9212898254646238
shared_doc_qa-oracle-standard_lora-seed11-1781443612296,shared_doc_qa,oracle,standard_lora,25.0,44,17.911467689770312,16.452689962533107,0.9185562147947067
shared_doc_qa-oracle-standard_lora-seed11-1781443612296,shared_doc_qa,oracle,standard_lora,50.0,44,17.911467689770312,16.452689962533107,0.9185562147947067
shared_doc_qa-oracle-standard_lora-seed11-1781443612296,shared_doc_qa,oracle,standard_lora,100.0,48,19.539782934294884,17.948389050036116,0.9185562147947067
shared_doc_qa-oracle-standard_lora-seed11-1781443612296,shared_doc_qa,oracle,standard_lora,150.0,48,19.539782934294884,17.948389050036116,0.9185562147947067
shared_doc_qa-oracle-standard_lora-seed11-1781443612296,shared_doc_qa,oracle,standard_lora,250.0,48,19.539782934294884,17.948389050036116,0.9185562147947067
shared_doc_qa-oracle-standard_lora-seed17-1781443472686,shared_doc_qa,oracle,standard_lora,25.0,0,0.0,0.0,0.9199960996536627
shared_doc_qa-oracle-standard_lora-seed17-1781443472686,shared_doc_qa,oracle,standard_lora,50.0,0,0.0,0.0,0.9199960996536627
shared_doc_qa-oracle-standard_lora-seed17-1781443472686,shared_doc_qa,oracle,standard_lora,100.0,64,9.016845933606701,8.295463090096154,0.9199960996536627
shared_doc_qa-oracle-standard_lora-seed17-1781443472686,shared_doc_qa,oracle,standard_lora,150.0,64,9.016845933606701,8.295463090096154,0.9199960996536627
shared_doc_qa-oracle-standard_lora-seed17-1781443472686,shared_doc_qa,oracle,standard_lora,250.0,64,9.016845933606701,8.295463090096154,0.9199960996536627
shared_doc_qa-oracle-standard_lora-seed17-1781443613849,shared_doc_qa,oracle,standard_lora,25.0,44,18.271585388120446,16.851875266035602,0.9222995655862523
shared_doc_qa-oracle-standard_lora-seed17-1781443613849,shared_doc_qa,oracle,standard_lora,50.0,44,18.271585388120446,16.851875266035602,0.9222995655862523
shared_doc_qa-oracle-standard_lora-seed17-1781443613849,shared_doc_qa,oracle,standard_lora,100.0,48,19.9326386052223,18.38386392658429,0.9222995655862523
shared_doc_qa-oracle-standard_lora-seed17-1781443613849,shared_doc_qa,oracle,standard_lora,150.0,48,19.9326386052223,18.38386392658429,0.9222995655862523
shared_doc_qa-oracle-standard_lora-seed17-1781443613849,shared_doc_qa,oracle,standard_lora,250.0,48,19.9326386052223,18.38386392658429,0.9222995655862523
shared_doc_qa-oracle-standard_lora-seed23-1781443615365,shared_doc_qa,oracle,standard_lora,25.0,44,17.151647944412087,15.85056155349332,0.9241421935002663
shared_doc_qa-oracle-standard_lora-seed23-1781443615365,shared_doc_qa,oracle,standard_lora,50.0,44,17.151647944412087,15.85056155349332,0.9241421935002663
shared_doc_qa-oracle-standard_lora-seed23-1781443615365,shared_doc_qa,oracle,standard_lora,100.0,48,18.71088866663137,17.291521694719986,0.9241421935002663
shared_doc_qa-oracle-standard_lora-seed23-1781443615365,shared_doc_qa,oracle,standard_lora,150.0,48,18.71088866663137,17.291521694719986,0.9241421935002663
shared_doc_qa-oracle-standard_lora-seed23-1781443615365,shared_doc_qa,oracle,standard_lora,250.0,48,18.71088866663137,17.291521694719986,0.9241421935002663
shared_doc_qa-random-activated_lora-seed11-1781443306463,shared_doc_qa,random,activated_lora,25.0,44,18.38810062910007,12.040728588314845,0.6548108927172066
shared_doc_qa-random-activated_lora-seed11-1781443306463,shared_doc_qa,random,activated_lora,50.0,44,18.38810062910007,12.040728588314845,0.6548108927172066
shared_doc_qa-random-activated_lora-seed11-1781443306463,shared_doc_qa,random,activated_lora,100.0,48,20.059746140836438,13.135340278161648,0.6548108927172066
shared_doc_qa-random-activated_lora-seed11-1781443306463,shared_doc_qa,random,activated_lora,150.0,48,20.059746140836438,13.135340278161648,0.6548108927172066
shared_doc_qa-random-activated_lora-seed11-1781443306463,shared_doc_qa,random,activated_lora,250.0,48,20.059746140836438,13.135340278161648,0.6548108927172066
shared_doc_qa-random-base_shared-seed11-1781443303667,shared_doc_qa,random,base_shared,25.0,44,18.420432684402243,12.061899970310643,0.6548108927172066
shared_doc_qa-random-base_shared-seed11-1781443303667,shared_doc_qa,random,base_shared,50.0,44,18.420432684402243,12.061899970310643,0.6548108927172066
shared_doc_qa-random-base_shared-seed11-1781443303667,shared_doc_qa,random,base_shared,100.0,48,20.095017473893357,13.158436331247975,0.6548108927172066
shared_doc_qa-random-base_shared-seed11-1781443303667,shared_doc_qa,random,base_shared,150.0,48,20.095017473893357,13.158436331247975,0.6548108927172066
shared_doc_qa-random-base_shared-seed11-1781443303667,shared_doc_qa,random,base_shared,250.0,48,20.095017473893357,13.158436331247975,0.6548108927172066
shared_doc_qa-random-copy_on_write-seed11-1781443309316,shared_doc_qa,random,copy_on_write,25.0,44,18.420432684402243,12.061899970310643,0.6548108927172066
shared_doc_qa-random-copy_on_write-seed11-1781443309316,shared_doc_qa,random,copy_on_write,50.0,44,18.420432684402243,12.061899970310643,0.6548108927172066
shared_doc_qa-random-copy_on_write-seed11-1781443309316,shared_doc_qa,random,copy_on_write,100.0,48,20.095017473893357,13.158436331247975,0.6548108927172066
shared_doc_qa-random-copy_on_write-seed11-1781443309316,shared_doc_qa,random,copy_on_write,150.0,48,20.095017473893357,13.158436331247975,0.6548108927172066
shared_doc_qa-random-copy_on_write-seed11-1781443309316,shared_doc_qa,random,copy_on_write,250.0,48,20.095017473893357,13.158436331247975,0.6548108927172066
shared_doc_qa-random-standard_lora-seed11-1781443300533,shared_doc_qa,random,standard_lora,25.0,30,9.340406005652463,6.116199594902447,0.6548108927172066
shared_doc_qa-random-standard_lora-seed11-1781443300533,shared_doc_qa,random,standard_lora,50.0,30,9.340406005652463,6.116199594902447,0.6548108927172066
shared_doc_qa-random-standard_lora-seed11-1781443300533,shared_doc_qa,random,standard_lora,100.0,48,14.944649609043942,9.785919351843917,0.6548108927172066
shared_doc_qa-random-standard_lora-seed11-1781443300533,shared_doc_qa,random,standard_lora,150.0,48,14.944649609043942,9.785919351843917,0.6548108927172066
shared_doc_qa-random-standard_lora-seed11-1781443300533,shared_doc_qa,random,standard_lora,250.0,48,14.944649609043942,9.785919351843917,0.6548108927172066
shared_doc_qa-semantic-activated_lora-seed11-1781443318739,shared_doc_qa,semantic,activated_lora,25.0,44,18.024463296959443,16.556482779761186,0.9185562147947067
shared_doc_qa-semantic-activated_lora-seed11-1781443318739,shared_doc_qa,semantic,activated_lora,50.0,44,18.024463296959443,16.556482779761186,0.9185562147947067
shared_doc_qa-semantic-activated_lora-seed11-1781443318739,shared_doc_qa,semantic,activated_lora,100.0,48,19.663050869410302,18.061617577921293,0.9185562147947067
shared_doc_qa-semantic-activated_lora-seed11-1781443318739,shared_doc_qa,semantic,activated_lora,150.0,48,19.663050869410302,18.061617577921293,0.9185562147947067
shared_doc_qa-semantic-activated_lora-seed11-1781443318739,shared_doc_qa,semantic,activated_lora,250.0,48,19.663050869410302,18.061617577921293,0.9185562147947067
shared_doc_qa-semantic-activated_lora-seed11-1781443405350,shared_doc_qa,semantic,activated_lora,25.0,0,0.0,0.0,0.9212898254646238
shared_doc_qa-semantic-activated_lora-seed11-1781443405350,shared_doc_qa,semantic,activated_lora,50.0,0,0.0,0.0,0.9212898254646238
shared_doc_qa-semantic-activated_lora-seed11-1781443405350,shared_doc_qa,semantic,activated_lora,100.0,64,8.909768236420607,8.20847882346219,0.9212898254646238
shared_doc_qa-semantic-activated_lora-seed11-1781443405350,shared_doc_qa,semantic,activated_lora,150.0,64,8.909768236420607,8.20847882346219,0.9212898254646238
shared_doc_qa-semantic-activated_lora-seed11-1781443405350,shared_doc_qa,semantic,activated_lora,250.0,64,8.909768236420607,8.20847882346219,0.9212898254646238
shared_doc_qa-semantic-activated_lora-seed11-1781443511811,shared_doc_qa,semantic,activated_lora,25.0,44,18.024463296959443,16.556482779761186,0.9185562147947067
shared_doc_qa-semantic-activated_lora-seed11-1781443511811,shared_doc_qa,semantic,activated_lora,50.0,44,18.024463296959443,16.556482779761186,0.9185562147947067
shared_doc_qa-semantic-activated_lora-seed11-1781443511811,shared_doc_qa,semantic,activated_lora,100.0,48,19.663050869410302,18.061617577921293,0.9185562147947067
shared_doc_qa-semantic-activated_lora-seed11-1781443511811,shared_doc_qa,semantic,activated_lora,150.0,48,19.663050869410302,18.061617577921293,0.9185562147947067
shared_doc_qa-semantic-activated_lora-seed11-1781443511811,shared_doc_qa,semantic,activated_lora,250.0,48,19.663050869410302,18.061617577921293,0.9185562147947067
shared_doc_qa-semantic-activated_lora-seed17-1781443406364,shared_doc_qa,semantic,activated_lora,25.0,0,0.0,0.0,0.9199960996536627
shared_doc_qa-semantic-activated_lora-seed17-1781443406364,shared_doc_qa,semantic,activated_lora,50.0,0,0.0,0.0,0.9199960996536627
shared_doc_qa-semantic-activated_lora-seed17-1781443406364,shared_doc_qa,semantic,activated_lora,100.0,64,9.016845933606701,8.295463090096154,0.9199960996536627
shared_doc_qa-semantic-activated_lora-seed17-1781443406364,shared_doc_qa,semantic,activated_lora,150.0,64,9.016845933606701,8.295463090096154,0.9199960996536627
shared_doc_qa-semantic-activated_lora-seed17-1781443406364,shared_doc_qa,semantic,activated_lora,250.0,64,9.016845933606701,8.295463090096154,0.9199960996536627
shared_doc_qa-semantic-activated_lora-seed17-1781443513093,shared_doc_qa,semantic,activated_lora,25.0,44,18.389185237017088,16.960337555585983,0.9222995655862523
shared_doc_qa-semantic-activated_lora-seed17-1781443513093,shared_doc_qa,semantic,activated_lora,50.0,44,18.389185237017088,16.960337555585983,0.9222995655862523
shared_doc_qa-semantic-activated_lora-seed17-1781443513093,shared_doc_qa,semantic,activated_lora,100.0,48,20.060929349473188,18.50218642427562,0.9222995655862523
shared_doc_qa-semantic-activated_lora-seed17-1781443513093,shared_doc_qa,semantic,activated_lora,150.0,48,20.060929349473188,18.50218642427562,0.9222995655862523
shared_doc_qa-semantic-activated_lora-seed17-1781443513093,shared_doc_qa,semantic,activated_lora,250.0,48,20.060929349473188,18.50218642427562,0.9222995655862523
shared_doc_qa-semantic-activated_lora-seed23-1781443514323,shared_doc_qa,semantic,activated_lora,25.0,44,17.255232429552834,15.946288346803884,0.9241421935002663
shared_doc_qa-semantic-activated_lora-seed23-1781443514323,shared_doc_qa,semantic,activated_lora,50.0,44,17.255232429552834,15.946288346803884,0.9241421935002663
shared_doc_qa-semantic-activated_lora-seed23-1781443514323,shared_doc_qa,semantic,activated_lora,100.0,48,18.823889923148545,17.395950923786057,0.9241421935002663
shared_doc_qa-semantic-activated_lora-seed23-1781443514323,shared_doc_qa,semantic,activated_lora,150.0,48,18.823889923148545,17.395950923786057,0.9241421935002663
shared_doc_qa-semantic-activated_lora-seed23-1781443514323,shared_doc_qa,semantic,activated_lora,250.0,48,18.823889923148545,17.395950923786057,0.9241421935002663
shared_doc_qa-semantic-base_shared-seed11-1781443315502,shared_doc_qa,semantic,base_shared,25.0,44,17.911467689770312,16.452689962533107,0.9185562147947067
shared_doc_qa-semantic-base_shared-seed11-1781443315502,shared_doc_qa,semantic,base_shared,50.0,44,17.911467689770312,16.452689962533107,0.9185562147947067
shared_doc_qa-semantic-base_shared-seed11-1781443315502,shared_doc_qa,semantic,base_shared,100.0,48,19.539782934294884,17.948389050036116,0.9185562147947067
shared_doc_qa-semantic-base_shared-seed11-1781443315502,shared_doc_qa,semantic,base_shared,150.0,48,19.539782934294884,17.948389050036116,0.9185562147947067
shared_doc_qa-semantic-base_shared-seed11-1781443315502,shared_doc_qa,semantic,base_shared,250.0,48,19.539782934294884,17.948389050036116,0.9185562147947067
shared_doc_qa-semantic-base_shared-seed11-1781443399290,shared_doc_qa,semantic,base_shared,25.0,0,0.0,0.0,0.9212898254646238
shared_doc_qa-semantic-base_shared-seed11-1781443399290,shared_doc_qa,semantic,base_shared,50.0,0,0.0,0.0,0.9212898254646238
shared_doc_qa-semantic-base_shared-seed11-1781443399290,shared_doc_qa,semantic,base_shared,100.0,64,8.909768236420607,8.20847882346219,0.9212898254646238
shared_doc_qa-semantic-base_shared-seed11-1781443399290,shared_doc_qa,semantic,base_shared,150.0,64,8.909768236420607,8.20847882346219,0.9212898254646238
shared_doc_qa-semantic-base_shared-seed11-1781443399290,shared_doc_qa,semantic,base_shared,250.0,64,8.909768236420607,8.20847882346219,0.9212898254646238
shared_doc_qa-semantic-base_shared-seed17-1781443400283,shared_doc_qa,semantic,base_shared,25.0,0,0.0,0.0,0.9199960996536627
shared_doc_qa-semantic-base_shared-seed17-1781443400283,shared_doc_qa,semantic,base_shared,50.0,0,0.0,0.0,0.9199960996536627
shared_doc_qa-semantic-base_shared-seed17-1781443400283,shared_doc_qa,semantic,base_shared,100.0,64,9.016845933606701,8.295463090096154,0.9199960996536627
shared_doc_qa-semantic-base_shared-seed17-1781443400283,shared_doc_qa,semantic,base_shared,150.0,64,9.016845933606701,8.295463090096154,0.9199960996536627
shared_doc_qa-semantic-base_shared-seed17-1781443400283,shared_doc_qa,semantic,base_shared,250.0,64,9.016845933606701,8.295463090096154,0.9199960996536627
shared_doc_qa-semantic-copy_on_write-seed11-1781443322072,shared_doc_qa,semantic,copy_on_write,25.0,44,17.911467689770312,16.452689962533107,0.9185562147947067
shared_doc_qa-semantic-copy_on_write-seed11-1781443322072,shared_doc_qa,semantic,copy_on_write,50.0,44,17.911467689770312,16.452689962533107,0.9185562147947067
shared_doc_qa-semantic-copy_on_write-seed11-1781443322072,shared_doc_qa,semantic,copy_on_write,100.0,48,19.539782934294884,17.948389050036116,0.9185562147947067
shared_doc_qa-semantic-copy_on_write-seed11-1781443322072,shared_doc_qa,semantic,copy_on_write,150.0,48,19.539782934294884,17.948389050036116,0.9185562147947067
shared_doc_qa-semantic-copy_on_write-seed11-1781443322072,shared_doc_qa,semantic,copy_on_write,250.0,48,19.539782934294884,17.948389050036116,0.9185562147947067
shared_doc_qa-semantic-copy_on_write-seed11-1781443411620,shared_doc_qa,semantic,copy_on_write,25.0,0,0.0,0.0,0.9212898254646238
shared_doc_qa-semantic-copy_on_write-seed11-1781443411620,shared_doc_qa,semantic,copy_on_write,50.0,0,0.0,0.0,0.9212898254646238
shared_doc_qa-semantic-copy_on_write-seed11-1781443411620,shared_doc_qa,semantic,copy_on_write,100.0,64,8.909768236420607,8.20847882346219,0.9212898254646238
shared_doc_qa-semantic-copy_on_write-seed11-1781443411620,shared_doc_qa,semantic,copy_on_write,150.0,64,8.909768236420607,8.20847882346219,0.9212898254646238
shared_doc_qa-semantic-copy_on_write-seed11-1781443411620,shared_doc_qa,semantic,copy_on_write,250.0,64,8.909768236420607,8.20847882346219,0.9212898254646238
shared_doc_qa-semantic-copy_on_write-seed11-1781443523461,shared_doc_qa,semantic,copy_on_write,25.0,44,17.911467689770312,16.452689962533107,0.9185562147947067
shared_doc_qa-semantic-copy_on_write-seed11-1781443523461,shared_doc_qa,semantic,copy_on_write,50.0,44,17.911467689770312,16.452689962533107,0.9185562147947067
shared_doc_qa-semantic-copy_on_write-seed11-1781443523461,shared_doc_qa,semantic,copy_on_write,100.0,48,19.539782934294884,17.948389050036116,0.9185562147947067
shared_doc_qa-semantic-copy_on_write-seed11-1781443523461,shared_doc_qa,semantic,copy_on_write,150.0,48,19.539782934294884,17.948389050036116,0.9185562147947067
shared_doc_qa-semantic-copy_on_write-seed11-1781443523461,shared_doc_qa,semantic,copy_on_write,250.0,48,19.539782934294884,17.948389050036116,0.9185562147947067
shared_doc_qa-semantic-copy_on_write-seed17-1781443412705,shared_doc_qa,semantic,copy_on_write,25.0,0,0.0,0.0,0.9199960996536627
shared_doc_qa-semantic-copy_on_write-seed17-1781443412705,shared_doc_qa,semantic,copy_on_write,50.0,0,0.0,0.0,0.9199960996536627
shared_doc_qa-semantic-copy_on_write-seed17-1781443412705,shared_doc_qa,semantic,copy_on_write,100.0,64,9.016845933606701,8.295463090096154,0.9199960996536627
shared_doc_qa-semantic-copy_on_write-seed17-1781443412705,shared_doc_qa,semantic,copy_on_write,150.0,64,9.016845933606701,8.295463090096154,0.9199960996536627
shared_doc_qa-semantic-copy_on_write-seed17-1781443412705,shared_doc_qa,semantic,copy_on_write,250.0,64,9.016845933606701,8.295463090096154,0.9199960996536627
shared_doc_qa-semantic-copy_on_write-seed17-1781443524779,shared_doc_qa,semantic,copy_on_write,25.0,44,18.271585388120446,16.851875266035602,0.9222995655862523
shared_doc_qa-semantic-copy_on_write-seed17-1781443524779,shared_doc_qa,semantic,copy_on_write,50.0,44,18.271585388120446,16.851875266035602,0.9222995655862523
shared_doc_qa-semantic-copy_on_write-seed17-1781443524779,shared_doc_qa,semantic,copy_on_write,100.0,48,19.9326386052223,18.38386392658429,0.9222995655862523
shared_doc_qa-semantic-copy_on_write-seed17-1781443524779,shared_doc_qa,semantic,copy_on_write,150.0,48,19.9326386052223,18.38386392658429,0.9222995655862523
shared_doc_qa-semantic-copy_on_write-seed17-1781443524779,shared_doc_qa,semantic,copy_on_write,250.0,48,19.9326386052223,18.38386392658429,0.9222995655862523
shared_doc_qa-semantic-copy_on_write-seed23-1781443526069,shared_doc_qa,semantic,copy_on_write,25.0,44,17.151647944412087,15.85056155349332,0.9241421935002663
shared_doc_qa-semantic-copy_on_write-seed23-1781443526069,shared_doc_qa,semantic,copy_on_write,50.0,44,17.151647944412087,15.85056155349332,0.9241421935002663
shared_doc_qa-semantic-copy_on_write-seed23-1781443526069,shared_doc_qa,semantic,copy_on_write,100.0,48,18.71088866663137,17.291521694719986,0.9241421935002663
shared_doc_qa-semantic-copy_on_write-seed23-1781443526069,shared_doc_qa,semantic,copy_on_write,150.0,48,18.71088866663137,17.291521694719986,0.9241421935002663
shared_doc_qa-semantic-copy_on_write-seed23-1781443526069,shared_doc_qa,semantic,copy_on_write,250.0,48,18.71088866663137,17.291521694719986,0.9241421935002663
shared_doc_qa-semantic-standard_lora-seed11-1781443312317,shared_doc_qa,semantic,standard_lora,25.0,44,17.911467689770312,16.452689962533107,0.9185562147947067
shared_doc_qa-semantic-standard_lora-seed11-1781443312317,shared_doc_qa,semantic,standard_lora,50.0,44,17.911467689770312,16.452689962533107,0.9185562147947067
shared_doc_qa-semantic-standard_lora-seed11-1781443312317,shared_doc_qa,semantic,standard_lora,100.0,48,19.539782934294884,17.948389050036116,0.9185562147947067
shared_doc_qa-semantic-standard_lora-seed11-1781443312317,shared_doc_qa,semantic,standard_lora,150.0,48,19.539782934294884,17.948389050036116,0.9185562147947067
shared_doc_qa-semantic-standard_lora-seed11-1781443312317,shared_doc_qa,semantic,standard_lora,250.0,48,19.539782934294884,17.948389050036116,0.9185562147947067
shared_doc_qa-semantic-standard_lora-seed11-1781443393265,shared_doc_qa,semantic,standard_lora,25.0,0,0.0,0.0,0.9212898254646238
shared_doc_qa-semantic-standard_lora-seed11-1781443393265,shared_doc_qa,semantic,standard_lora,50.0,0,0.0,0.0,0.9212898254646238
shared_doc_qa-semantic-standard_lora-seed11-1781443393265,shared_doc_qa,semantic,standard_lora,100.0,64,8.909768236420607,8.20847882346219,0.9212898254646238
shared_doc_qa-semantic-standard_lora-seed11-1781443393265,shared_doc_qa,semantic,standard_lora,150.0,64,8.909768236420607,8.20847882346219,0.9212898254646238
shared_doc_qa-semantic-standard_lora-seed11-1781443393265,shared_doc_qa,semantic,standard_lora,250.0,64,8.909768236420607,8.20847882346219,0.9212898254646238
shared_doc_qa-semantic-standard_lora-seed11-1781443500637,shared_doc_qa,semantic,standard_lora,25.0,44,17.911467689770312,16.452689962533107,0.9185562147947067
shared_doc_qa-semantic-standard_lora-seed11-1781443500637,shared_doc_qa,semantic,standard_lora,50.0,44,17.911467689770312,16.452689962533107,0.9185562147947067
shared_doc_qa-semantic-standard_lora-seed11-1781443500637,shared_doc_qa,semantic,standard_lora,100.0,48,19.539782934294884,17.948389050036116,0.9185562147947067
shared_doc_qa-semantic-standard_lora-seed11-1781443500637,shared_doc_qa,semantic,standard_lora,150.0,48,19.539782934294884,17.948389050036116,0.9185562147947067
shared_doc_qa-semantic-standard_lora-seed11-1781443500637,shared_doc_qa,semantic,standard_lora,250.0,48,19.539782934294884,17.948389050036116,0.9185562147947067
shared_doc_qa-semantic-standard_lora-seed17-1781443394264,shared_doc_qa,semantic,standard_lora,25.0,0,0.0,0.0,0.9199960996536627
shared_doc_qa-semantic-standard_lora-seed17-1781443394264,shared_doc_qa,semantic,standard_lora,50.0,0,0.0,0.0,0.9199960996536627
shared_doc_qa-semantic-standard_lora-seed17-1781443394264,shared_doc_qa,semantic,standard_lora,100.0,64,9.016845933606701,8.295463090096154,0.9199960996536627
shared_doc_qa-semantic-standard_lora-seed17-1781443394264,shared_doc_qa,semantic,standard_lora,150.0,64,9.016845933606701,8.295463090096154,0.9199960996536627
shared_doc_qa-semantic-standard_lora-seed17-1781443394264,shared_doc_qa,semantic,standard_lora,250.0,64,9.016845933606701,8.295463090096154,0.9199960996536627
shared_doc_qa-semantic-standard_lora-seed17-1781443501857,shared_doc_qa,semantic,standard_lora,25.0,44,18.271585388120446,16.851875266035602,0.9222995655862523
shared_doc_qa-semantic-standard_lora-seed17-1781443501857,shared_doc_qa,semantic,standard_lora,50.0,44,18.271585388120446,16.851875266035602,0.9222995655862523
shared_doc_qa-semantic-standard_lora-seed17-1781443501857,shared_doc_qa,semantic,standard_lora,100.0,48,19.9326386052223,18.38386392658429,0.9222995655862523
shared_doc_qa-semantic-standard_lora-seed17-1781443501857,shared_doc_qa,semantic,standard_lora,150.0,48,19.9326386052223,18.38386392658429,0.9222995655862523
shared_doc_qa-semantic-standard_lora-seed17-1781443501857,shared_doc_qa,semantic,standard_lora,250.0,48,19.9326386052223,18.38386392658429,0.9222995655862523
shared_doc_qa-semantic-standard_lora-seed23-1781443503045,shared_doc_qa,semantic,standard_lora,25.0,44,17.151647944412087,15.85056155349332,0.9241421935002663
shared_doc_qa-semantic-standard_lora-seed23-1781443503045,shared_doc_qa,semantic,standard_lora,50.0,44,17.151647944412087,15.85056155349332,0.9241421935002663
shared_doc_qa-semantic-standard_lora-seed23-1781443503045,shared_doc_qa,semantic,standard_lora,100.0,48,18.71088866663137,17.291521694719986,0.9241421935002663
shared_doc_qa-semantic-standard_lora-seed23-1781443503045,shared_doc_qa,semantic,standard_lora,150.0,48,18.71088866663137,17.291521694719986,0.9241421935002663
shared_doc_qa-semantic-standard_lora-seed23-1781443503045,shared_doc_qa,semantic,standard_lora,250.0,48,18.71088866663137,17.291521694719986,0.9241421935002663
shared_doc_qa-sticky_session-activated_lora-seed11-1781443348125,shared_doc_qa,sticky_session,activated_lora,25.0,44,18.024463296959443,16.556482779761186,0.9185562147947067
shared_doc_qa-sticky_session-activated_lora-seed11-1781443348125,shared_doc_qa,sticky_session,activated_lora,50.0,44,18.024463296959443,16.556482779761186,0.9185562147947067
shared_doc_qa-sticky_session-activated_lora-seed11-1781443348125,shared_doc_qa,sticky_session,activated_lora,100.0,48,19.663050869410302,18.061617577921293,0.9185562147947067
shared_doc_qa-sticky_session-activated_lora-seed11-1781443348125,shared_doc_qa,sticky_session,activated_lora,150.0,48,19.663050869410302,18.061617577921293,0.9185562147947067
shared_doc_qa-sticky_session-activated_lora-seed11-1781443348125,shared_doc_qa,sticky_session,activated_lora,250.0,48,19.663050869410302,18.061617577921293,0.9185562147947067
shared_doc_qa-sticky_session-base_shared-seed11-1781443344113,shared_doc_qa,sticky_session,base_shared,25.0,44,17.911467689770312,16.452689962533107,0.9185562147947067
shared_doc_qa-sticky_session-base_shared-seed11-1781443344113,shared_doc_qa,sticky_session,base_shared,50.0,44,17.911467689770312,16.452689962533107,0.9185562147947067
shared_doc_qa-sticky_session-base_shared-seed11-1781443344113,shared_doc_qa,sticky_session,base_shared,100.0,48,19.539782934294884,17.948389050036116,0.9185562147947067
shared_doc_qa-sticky_session-base_shared-seed11-1781443344113,shared_doc_qa,sticky_session,base_shared,150.0,48,19.539782934294884,17.948389050036116,0.9185562147947067
shared_doc_qa-sticky_session-base_shared-seed11-1781443344113,shared_doc_qa,sticky_session,base_shared,250.0,48,19.539782934294884,17.948389050036116,0.9185562147947067
shared_doc_qa-sticky_session-copy_on_write-seed11-1781443352179,shared_doc_qa,sticky_session,copy_on_write,25.0,44,17.911467689770312,16.452689962533107,0.9185562147947067
shared_doc_qa-sticky_session-copy_on_write-seed11-1781443352179,shared_doc_qa,sticky_session,copy_on_write,50.0,44,17.911467689770312,16.452689962533107,0.9185562147947067
shared_doc_qa-sticky_session-copy_on_write-seed11-1781443352179,shared_doc_qa,sticky_session,copy_on_write,100.0,48,19.539782934294884,17.948389050036116,0.9185562147947067
shared_doc_qa-sticky_session-copy_on_write-seed11-1781443352179,shared_doc_qa,sticky_session,copy_on_write,150.0,48,19.539782934294884,17.948389050036116,0.9185562147947067
shared_doc_qa-sticky_session-copy_on_write-seed11-1781443352179,shared_doc_qa,sticky_session,copy_on_write,250.0,48,19.539782934294884,17.948389050036116,0.9185562147947067
shared_doc_qa-sticky_session-standard_lora-seed11-1781443340220,shared_doc_qa,sticky_session,standard_lora,25.0,44,17.911467689770312,16.452689962533107,0.9185562147947067
shared_doc_qa-sticky_session-standard_lora-seed11-1781443340220,shared_doc_qa,sticky_session,standard_lora,50.0,44,17.911467689770312,16.452689962533107,0.9185562147947067
shared_doc_qa-sticky_session-standard_lora-seed11-1781443340220,shared_doc_qa,sticky_session,standard_lora,100.0,48,19.539782934294884,17.948389050036116,0.9185562147947067
shared_doc_qa-sticky_session-standard_lora-seed11-1781443340220,shared_doc_qa,sticky_session,standard_lora,150.0,48,19.539782934294884,17.948389050036116,0.9185562147947067
shared_doc_qa-sticky_session-standard_lora-seed11-1781443340220,shared_doc_qa,sticky_session,standard_lora,250.0,48,19.539782934294884,17.948389050036116,0.9185562147947067
